"index","product_id","brand"
"1","G27341","Adidas"
"2","CM0081","Adidas"
"3","B44832","Adidas"
"4","D98205","Adidas"
"5","B75586","Adidas"
"6","CG4051","Adidas"
"7","CM0080","Adidas"
"8","B75990","Adidas"
"9","EE5761","Adidas"
"10","EE4553","Adidas"
"11","EF9315","Adidas"
"12","F35281","Adidas"
"13","EF9220","Adidas"
"14","EG0000","Adidas"
"15","B44889","Adidas"
"16","CL7417","Adidas"
"17","CL7408","Adidas"
"18","B43601","Adidas"
"19","EE8245","Adidas"
"20","EE8042","Adidas"
"21","CL7429","Adidas"
"22","CL7370","Adidas"
"23","EE9946","Adidas"
"24","CK9741","Adidas"
"25","CL7363","Adidas"
"26","CL7372","Adidas"
"27","CL7430","Adidas"
"28","F34485","Adidas"
"29","CL7365","Adidas"
"30","CL7373","Adidas"
"31","CL7364","Adidas"
"32","CL7374","Adidas"
"33","EE8167","Adidas"
"34","CL7410","Adidas"
"35","CL7401","Adidas"
"36","EE8219","Adidas"
"37","CL7402","Adidas"
"38","EE9929","Adidas"
"39","EE8221","Adidas"
"40","EE8224","Adidas"
"41","EE9941","Adidas"
"42","EE8522","Adidas"
"43","EE9932","Adidas"
"44","EE8375","Adidas"
"45","EE9798","Adidas"
"46","EE8502","Adidas"
"47","EF0450","Adidas"
"48","CL7375","Adidas"
"49","EF0446","Adidas"
"50","EF0529","Adidas"
"51","EE9940","Adidas"
"52","EE4954","Adidas"
"54","CL4156","Adidas"
"55","EE4893","Adidas"
"56","EE9937","Adidas"
"57","G27649","Adidas"
"58","EE9797","Adidas"
"59","CI9914","Adidas"
"60","EE8252","Adidas"
"61","CK9664","Adidas"
"62","EE8501","Adidas"
"63","CL7602","Adidas"
"64","CL7494","Adidas"
"65","EE7923","Adidas"
"66","EE5566","Adidas"
"67","CI1821","Adidas"
"68","CJ0082","Adidas"
"69","CJ8062","Adidas"
"70","EE6038","Adidas"
"71","CM0068","Adidas"
"72","CK9830","Adidas"
"73","CJ0080","Adidas"
"74","EG4957","Adidas"
"75","BD7438","Adidas"
"76","B75579","Adidas"
"77","CM0057","Adidas"
"78","CL0206","Adidas"
"79","CJ8058","Adidas"
"80","BZ0086","Adidas"
"81","CJ8117","Adidas"
"82","CJ8073","Adidas"
"83","CL7551","Adidas"
"84","AC8122","Adidas"
"85","CM8453","Adidas"
"86","EE3625","Adidas"
"87","CM0031","Adidas"
"88","EE7697","Adidas"
"89","F36159","Adidas"
"90","F35028","Adidas"
"91","AC7042","Adidas"
"92","CJ8053","Adidas"
"93","BC0836","Adidas"
"94","F35275","Adidas"
"95","CJ8115","Adidas"
"96","CJ8089","Adidas"
"97","EE6128","Adidas"
"98","CJ8118","Adidas"
"99","CL7328","Adidas"
"100","CL7470","Adidas"
"101","CL7541","Adidas"
"102","CL9928","Adidas"
"103","CM0045","Adidas"
"104","CL7599","Adidas"
"105","CM0069","Adidas"
"107","CL7552","Adidas"
"108","EE9816","Adidas"
"109","CL7545","Adidas"
"110","EE5060","Adidas"
"111","F36718","Adidas"
"112","CL9927","Adidas"
"113","CL7285","Adidas"
"114","CL7471","Adidas"
"115","B96360","Adidas"
"116","EE5778","Adidas"
"117","EE4519","Adidas"
"118","EE4504","Adidas"
"119","EE4697","Adidas"
"120","CM0044","Adidas"
"121","EE6045","Adidas"
"122","CG6091","Adidas"
"123","G27834","Adidas"
"124","CL7598","Adidas"
"125","EE4709","Adidas"
"126","EE4948","Adidas"
"127","EE9671","Adidas"
"128","EE7046","Adidas"
"129","EF0451","Adidas"
"130","EE4561","Adidas"
"131","CL7601","Adidas"
"132","CL7330","Adidas"
"133","CM6625","Adidas"
"134","FV3395","Adidas"
"135","EF9317","Adidas"
"136","EF4954","Adidas"
"137","EE7104","Adidas"
"138","FV4070","Adidas"
"139","FV3918","Adidas"
"140","EE5055","Adidas"
"141","CM6626","Adidas"
"142","CQ2030","Adidas"
"143","EE5292","Adidas"
"144","BD8041","Adidas"
"145","B37719","Adidas"
"146","EE4505","Adidas"
"147","CM0072","Adidas"
"148","EF0795","Adidas"
"149","EE5875","Adidas"
"150","EE4947","Adidas"
"151","CM6627","Adidas"
"152","CQ2039","Adidas"
"153","CG6193","Adidas"
"154","S82260","Adidas"
"155","EE4945","Adidas"
"156","EE7155","Adidas"
"157","B44846","Adidas"
"158","EE6044","Adidas"
"160","EE7045","Adidas"
"161","CL7646","Adidas"
"162","CL7346","Adidas"
"163","EE5777","Adidas"
"164","AQ1210","Adidas"
"165","EF5925","Adidas"
"166","EE7032","Adidas"
"167","EE7708","Adidas"
"168","AQ1119","Adidas"
"169","F34311","Adidas"
"170","CL7645","Adidas"
"171","EE5089","Adidas"
"172","CL7565","Adidas"
"173","G27727","Adidas"
"174","B44697","Adidas"
"175","CL7400","Adidas"
"176","CL7437","Adidas"
"177","CL7563","Adidas"
"178","CL7460","Adidas"
"179","CL7507","Adidas"
"180","CM0061","Adidas"
"181","F34308","Adidas"
"182","CL7506","Adidas"
"183","CL7344","Adidas"
"184","EE5318","Adidas"
"185","CL7564","Adidas"
"186","CL7439","Adidas"
"187","CL7345","Adidas"
"188","CL7644","Adidas"
"189","CL7438","Adidas"
"190","CK9843","Adidas"
"191","EE8738","Adidas"
"192","CL7576","Adidas"
"193","CL7482","Adidas"
"194","EE6129","Adidas"
"195","EG3290","Adidas"
"196","CL7467","Adidas"
"197","EF1426","Adidas"
"198","CL7264","Adidas"
"199","CL7472","Adidas"
"200","CL7560","Adidas"
"201","EE4574","Adidas"
"202","CL7445","Adidas"
"203","CL7404","Adidas"
"204","CL7515","Adidas"
"205","EE4763","Adidas"
"206","CL7616","Adidas"
"207","CL7591","Adidas"
"208","CK9831","Adidas"
"209","EF2508","Adidas"
"210","CL7495","Adidas"
"211","EE5592","Adidas"
"213","EE5304","Adidas"
"214","EE7242","Adidas"
"215","CM0064","Adidas"
"216","EE7885","Adidas"
"217","CM0049","Adidas"
"218","CL7548","Adidas"
"219","CK1088","Adidas"
"220","CL7263","Adidas"
"221","CL7483","Adidas"
"222","F34340","Adidas"
"223","CL7590","Adidas"
"224","CM0030","Adidas"
"225","CL7468","Adidas"
"226","EE8076","Adidas"
"227","CM5955","Adidas"
"228","B44870","Adidas"
"229","CL7265","Adidas"
"230","CL7484","Adidas"
"231","CL7537","Adidas"
"232","EE8088","Adidas"
"233","CL7577","Adidas"
"234","CM0058","Adidas"
"235","EE7698","Adidas"
"236","CM0009","Adidas"
"237","EE7884","Adidas"
"238","F36922","Adidas"
"239","DB3114","Adidas"
"240","F36217","Adidas"
"241","EE8272","Adidas"
"242","CL7538","Adidas"
"243","EF0695","Adidas"
"244","DB3599","Adidas"
"245","CL7321","Adidas"
"246","DB2117","Adidas"
"247","EE4698","Adidas"
"248","B28166","Adidas"
"249","DB3259","Adidas"
"250","EE5534","Adidas"
"251","EF0811","Adidas"
"252","CK9723","Adidas"
"253","CL7322","Adidas"
"254","CG6021","Adidas"
"255","CG6188","Adidas"
"256","BD7685","Adidas"
"257","BD7475","Adidas"
"258","EF9226","Adidas"
"259","F34668","Adidas"
"260","EE8257","Adidas"
"261","B37973","Adidas"
"262","EE7068","Adidas"
"263","EH1363","Adidas"
"264","EE5772","Adidas"
"266","EF2437","Adidas"
"267","CM0070","Adidas"
"268","D96760","Adidas"
"269","CM0077","Adidas"
"270","CM0091","Adidas"
"271","CL7550","Adidas"
"272","F36675","Adidas"
"273","EF1065","Adidas"
"274","EH1361","Adidas"
"275","CL0243","Adidas"
"276","CG6177","Adidas"
"277","FV3288","Adidas"
"278","EE4949","Adidas"
"279","BB2344","Adidas"
"280","EE6080","Adidas"
"281","EE6047","Adidas"
"282","EF0078","Adidas"
"283","EE5565","Adidas"
"284","EF4965","Adidas"
"285","EE4946","Adidas"
"286","B37090","Adidas"
"287","F36516","Adidas"
"288","DB3112","Adidas"
"289","EH1366","Adidas"
"290","CG6164","Adidas"
"291","EE4959","Adidas"
"292","EF2438","Adidas"
"293","F35567","Adidas"
"294","EE8165","Adidas"
"295","EE5846","Adidas"
"296","F34846","Adidas"
"297","B41663","Adidas"
"298","CK9690","Adidas"
"299","EE7927","Adidas"
"300","CK9688","Adidas"
"301","CK9424","Adidas"
"302","CK9430","Adidas"
"303","CG6228","Adidas"
"304","DB3600","Adidas"
"305","EE9892","Adidas"
"306","CL7461","Adidas"
"307","CK9678","Adidas"
"308","CK9696","Adidas"
"309","CK9695","Adidas"
"310","CK9683","Adidas"
"311","CK9692","Adidas"
"312","EE7919","Adidas"
"313","CL7517","Adidas"
"314","CK9698","Adidas"
"315","CK9418","Adidas"
"316","EF0322","Adidas"
"317","CK9427","Adidas"
"319","EF0435","Adidas"
"320","CJ8090","Adidas"
"321","CL7542","Adidas"
"322","CL7311","Adidas"
"323","EE8028","Adidas"
"324","CL7398","Adidas"
"325","CL7306","Adidas"
"326","CK9697","Adidas"
"327","CI9915","Adidas"
"328","CK9590","Adidas"
"329","CL7458","Adidas"
"330","CI9913","Adidas"
"331","CL7459","Adidas"
"332","CI9991","Adidas"
"333","F36996","Adidas"
"334","CJ7974","Adidas"
"335","CL7588","Adidas"
"336","CL7407","Adidas"
"337","CL7406","Adidas"
"338","CK9420","Adidas"
"339","CL7389","Adidas"
"340","CL7516","Adidas"
"341","CI9989","Adidas"
"342","CL7405","Adidas"
"343","CL7473","Adidas"
"344","CJ8110","Adidas"
"345","CJ8019","Adidas"
"346","CK9604","Adidas"
"347","CK9431","Adidas"
"348","EE7289","Adidas"
"349","B75580","Adidas"
"350","CK9432","Adidas"
"351","EE4925","Adidas"
"352","EE4953","Adidas"
"353","CL7469","Adidas"
"354","EF8858","Adidas"
"355","EF9219","Adidas"
"356","CL7513","Adidas"
"357","EE7098","Adidas"
"358","CL7425","Adidas"
"359","CL7508","Adidas"
"360","EE7292","Adidas"
"361","CL7589","Adidas"
"362","CJ8061","Adidas"
"363","EE5847","Adidas"
"364","CK9686","Adidas"
"365","EE4567","Adidas"
"366","EE5585","Adidas"
"367","B96519","Adidas"
"368","B96563","Adidas"
"369","CL7547","Adidas"
"370","EE4563","Adidas"
"372","F36475","Adidas"
"373","FV8794","Adidas"
"374","EE5177","Adidas"
"375","CL7582","Adidas"
"376","F36339","Adidas"
"377","EF1963","Adidas"
"378","F34442","Adidas"
"379","EE9933","Adidas"
"380","EE6090","Adidas"
"381","B75583","Adidas"
"382","EE7922","Adidas"
"383","EE5081","Adidas"
"384","EE4678","Adidas"
"385","CM0076","Adidas"
"386","B28156","Adidas"
"387","EF0527","Adidas"
"388","EE4566","Adidas"
"389","EE8302","Adidas"
"390","CM0075","Adidas"
"391","EF0152","Adidas"
"392","CM0093","Adidas"
"393","F36218","Adidas"
"394","CM0083","Adidas"
"395","CM0078","Adidas"
"396","CM0079","Adidas"
"397","CM0074","Adidas"
"398","CM0073","Adidas"
"399","CM0092","Adidas"
"400","EG8672","Adidas"
"401","EG8480","Adidas"
"402","EG3148","Adidas"
"403","CM0082","Adidas"
"404","EG3185","Adidas"
"405","EG4006","Adidas"
"406","EG4007","Adidas"
"407","EH1178","Adidas"
"408","EG4316","Adidas"
"409","EG3253","Adidas"
"410","EG4314","Adidas"
"411","EH1379","Adidas"
"412","EH2586","Adidas"
"413","EG3698","Adidas"
"414","EH0165","Adidas"
"415","EH1211","Adidas"
"416","CK9665","Adidas"
"417","CK9663","Adidas"
"418","EG3953","Adidas"
"419","EG4176","Adidas"
"420","CI9916","Adidas"
"421","EG4175","Adidas"
"422","EG4004","Adidas"
"423","CJ8068","Adidas"
"425","EE9731","Adidas"
"426","CK9591","Adidas"
"427","CK9648","Adidas"
"428","CK9602","Adidas"
"429","F34491","Adidas"
"430","CK9693","Adidas"
"431","CJ8013","Adidas"
"432","CL7567","Adidas"
"433","CK9694","Adidas"
"434","CL7604","Adidas"
"435","CL7488","Adidas"
"436","CK9436","Adidas"
"437","CK9592","Adidas"
"438","CL7366","Adidas"
"439","CK9661","Adidas"
"440","CK9650","Adidas"
"441","CL7415","Adidas"
"442","CL7626","Adidas"
"443","CJ7990","Adidas"
"444","CL7534","Adidas"
"445","CL7413","Adidas"
"446","CK9500","Adidas"
"447","CL7369","Adidas"
"448","EE8156","Adidas"
"449","CL7607","Adidas"
"450","CL7385","Adidas"
"451","EE9856","Adidas"
"452","EE8260","Adidas"
"453","EE8448","Adidas"
"454","EE8181","Adidas"
"455","CK9682","Adidas"
"456","CL7377","Adidas"
"457","CL7605","Adidas"
"458","EE9734","Adidas"
"459","EF1053","Adidas"
"460","EE7925","Adidas"
"461","CL7614","Adidas"
"462","EE9847","Adidas"
"463","EG3289","Adidas"
"464","CL7615","Adidas"
"465","CL7276","Adidas"
"466","CL7453","Adidas"
"467","CL7329","Adidas"
"468","CL7387","Adidas"
"469","CM4762","Adidas"
"470","CM4984","Adidas"
"471","CM4691","Adidas"
"472","CM4826","Adidas"
"473","CM0015","Adidas"
"474","EE8603","Adidas"
"475","CL7496","Adidas"
"476","EE8444","Adidas"
"478","CM0014","Adidas"
"479","CM4737","Adidas"
"480","EF0440","Adidas"
"481","EE9748","Adidas"
"482","EG4223","Adidas"
"483","CM0013","Adidas"
"484","B44880","Adidas"
"485","F34876","Adidas"
"486","EE8836","Adidas"
"487","EF0523","Adidas"
"488","EH1858","Adidas"
"489","EG3821","Adidas"
"490","EF4458","Adidas"
"491","EG3291","Adidas"
"492","EF5928","Adidas"
"493","EH1859","Adidas"
"494","CM4828","Adidas"
"495","EG3295","Adidas"
"496","CM4985","Adidas"
"497","CM4964","Adidas"
"498","CM4690","Adidas"
"499","EF4970","Adidas"
"500","CM0010","Adidas"
"501","EF6877","Adidas"
"502","FW6635","Adidas"
"503","CM4760","Adidas"
"504","DB3258","Adidas"
"505","EF4375","Adidas"
"506","EE7159","Adidas"
"507","CM4983","Adidas"
"508","EE8925","Adidas"
"509","G27722","Adidas"
"510","EG2012","Adidas"
"511","EG9825","Adidas"
"512","EF4966","Adidas"
"513","EH1389","Adidas"
"514","EG9824","Adidas"
"515","EF6058","Adidas"
"516","EF6508","Adidas"
"517","EG5475","Adidas"
"518","EF5320","Adidas"
"519","EF5642","Adidas"
"520","EE7160","Adidas"
"521","EF5547","Adidas"
"522","EG7753","Adidas"
"523","EF5549","Adidas"
"524","EF5314","Adidas"
"525","EF4933","Adidas"
"526","EG9829","Adidas"
"527","EG7876","Adidas"
"528","EF4935","Adidas"
"529","EF4983","Adidas"
"531","EF4374","Adidas"
"532","EH3522","Adidas"
"533","EG0576","Adidas"
"534","EF6507","Adidas"
"535","EF5386","Adidas"
"536","CL7520","Adidas"
"537","EG0578","Adidas"
"538","EG6920","Adidas"
"539","EG6846","Adidas"
"540","EE9854","Adidas"
"541","CL7456","Adidas"
"542","EE9733","Adidas"
"543","CL7333","Adidas"
"544","EE9729","Adidas"
"545","EG6845","Adidas"
"546","EE8202","Adidas"
"547","CL7361","Adidas"
"548","EE8265","Adidas"
"549","EE8604","Adidas"
"550","EF1052","Adidas"
"551","EF1051","Adidas"
"552","EE9732","Adidas"
"553","EF0433","Adidas"
"554","EE9895","Adidas"
"555","EE8128","Adidas"
"556","EE7928","Adidas"
"557","EE9266","Adidas"
"558","CL9915","Adidas"
"559","CL7533","Adidas"
"560","CM0012","Adidas"
"561","CM0032","Adidas"
"562","EE8200","Adidas"
"563","CL7332","Adidas"
"564","F37008","Adidas"
"565","EE9728","Adidas"
"566","B75581","Adidas"
"567","F34851","Adidas"
"568","EF0434","Adidas"
"569","CM0008","Adidas"
"570","CL7487","Adidas"
"571","EE8212","Adidas"
"572","CL7465","Adidas"
"573","EE9758","Adidas"
"574","CL7334","Adidas"
"575","EE9735","Adidas"
"576","CL9925","Adidas"
"577","F34820","Adidas"
"578","CM0023","Adidas"
"579","EF0584","Adidas"
"580","CL7307","Adidas"
"581","BB7066","Adidas"
"582","CM0033","Adidas"
"584","CL9962","Adidas"
"585","CK9685","Adidas"
"586","CJ7959","Adidas"
"587","CL7546","Adidas"
"588","CL7286","Adidas"
"589","CJ8018","Adidas"
"590","CK9447","Adidas"
"591","B96555","Adidas"
"592","G28939","Adidas"
"593","FV3428","Adidas"
"594","FV3289","Adidas"
"595","CK9528","Adidas"
"596","CK9603","Adidas"
"597","CL7566","Adidas"
"598","FV3671","Adidas"
"599","FV3335","Adidas"
"600","FV3675","Adidas"
"601","EG8690","Adidas"
"602","F36642","Adidas"
"603","CG4045","Adidas"
"604","CL7633","Adidas"
"605","FV3334","Adidas"
"606","FV3361","Adidas"
"607","EG5345","Adidas"
"608","FV3353","Adidas"
"609","FV3187","Adidas"
"610","FV3631","Adidas"
"611","FU7134","Adidas"
"612","FV3374","Adidas"
"613","FV3336","Adidas"
"614","FU9352","Adidas"
"615","FV3327","Adidas"
"616","FU9350","Adidas"
"617","FW1646","Adidas"
"618","FV3186","Adidas"
"619","FV3294","Adidas"
"620","FW9618","Adidas"
"621","FV3352","Adidas"
"622","FW1647","Adidas"
"623","FW8423","Adidas"
"624","EE6822","Adidas"
"625","FV3290","Adidas"
"626","FV3305","Adidas"
"627","EE8081","Adidas"
"628","B37680","Adidas"
"629","CG6270","Adidas"
"630","CQ2031","Adidas"
"631","CG6037","Adidas"
"632","EF3539","Adidas"
"633","EE4919","Adidas"
"634","FU9349","Adidas"
"635","CL9960","Adidas"
"637","CL9968","Adidas"
"638","F33805","Adidas"
"639","EE6031","Adidas"
"640","BC0033","Adidas"
"641","EE7030","Adidas"
"642","EE4923","Adidas"
"643","EE6089","Adidas"
"644","EE6108","Adidas"
"645","CQ2460","Adidas"
"646","B37681","Adidas"
"647","CQ2035","Adidas"
"648","CG6618","Adidas"
"649","FV3667","Adidas"
"650","CQ2044","Adidas"
"651","FW9617","Adidas"
"652","CM4692","Adidas"
"653","B44619","Adidas"
"654","CP9514","Adidas"
"655","FV6058","Adidas"
"656","G27720","Adidas"
"657","CQ2333","Adidas"
"658","FV6057","Adidas"
"659","FV6056","Adidas"
"660","EE5521","Adidas"
"661","B37974","Adidas"
"662","BD7575","Adidas"
"663","EE7026","Adidas"
"664","EE6256","Adidas"
"665","CM4548","Adidas"
"666","G54050","Adidas"
"667","CI1741","Adidas"
"668","EE6660","Adidas"
"669","EE7243","Adidas"
"670","EE6668","Adidas"
"671","EE5086","Adidas"
"672","CM0027","Adidas"
"673","EF8973","Adidas"
"674","G28940","Adidas"
"675","CJ8059","Adidas"
"676","CI9941","Adidas"
"677","CL4158","Adidas"
"678","BB3293","Adidas"
"679","EE5640","Adidas"
"680","CM0063","Adidas"
"681","CL9946","Adidas"
"682","CM0071","Adidas"
"683","CM0051","Adidas"
"684","CM0087","Adidas"
"685","CM0048","Adidas"
"686","CM0062","Adidas"
"687","G28449","Adidas"
"688","CM0086","Adidas"
"690","CM0067","Adidas"
"691","CL7559","Adidas"
"692","CJ7994","Adidas"
"693","CM0059","Adidas"
"694","CL7462","Adidas"
"695","CK9680","Adidas"
"696","CM0024","Adidas"
"697","CL9924","Adidas"
"698","F34564","Adidas"
"699","CJ7972","Adidas"
"700","CL7283","Adidas"
"701","CK9465","Adidas"
"702","EE9514","Adidas"
"703","CM0047","Adidas"
"704","G27026","Adidas"
"705","F36338","Adidas"
"706","CJ8077","Adidas"
"707","CM0028","Adidas"
"708","CL9939","Adidas"
"709","CM0056","Adidas"
"710","CL9916","Adidas"
"711","CL9950","Adidas"
"712","EE9973","Adidas"
"713","CL7359","Adidas"
"714","BB7614","Adidas"
"715","CL9965","Adidas"
"716","CQ1176","Adidas"
"717","CL9913","Adidas"
"718","EE8115","Adidas"
"719","EE7497","Adidas"
"720","F97209","Adidas"
"721","EE8114","Adidas"
"722","CM0046","Adidas"
"723","EF0133","Adidas"
"724","EE9969","Adidas"
"725","EG8062","Adidas"
"726","EE9867","Adidas"
"727","EE6187","Adidas"
"728","EF1037","Adidas"
"729","EE9833","Adidas"
"730","EE9835","Adidas"
"731","B96508","Adidas"
"732","AQ1136","Adidas"
"733","CQ2029","Adidas"
"734","EE9862","Adidas"
"735","EE8325","Adidas"
"736","BY2976","Adidas"
"737","EE9970","Adidas"
"738","EE9840","Adidas"
"739","EF0130","Adidas"
"740","F34882","Adidas"
"741","CQ2042","Adidas"
"743","EF0135","Adidas"
"744","AQ1141","Adidas"
"745","BD8017","Adidas"
"746","EF1036","Adidas"
"747","FV3914","Adidas"
"748","B28041","Adidas"
"749","B37534","Adidas"
"750","EF1899","Adidas"
"751","EE5615","Adidas"
"752","CQ2034","Adidas"
"753","EF4457","Adidas"
"754","CQ2530","Adidas"
"755","EE8220","Adidas"
"756","EE5182","Adidas"
"757","AW4212","Adidas"
"758","CG6025","Adidas"
"759","EE5175","Adidas"
"760","CG6142","Adidas"
"761","EE5917","Adidas"
"762","EE5567","Adidas"
"763","DA8966","Adidas"
"764","EE4679","Adidas"
"765","F34751","Adidas"
"766","EE4682","Adidas"
"767","F36389","Adidas"
"768","CK9720","Adidas"
"769","CG3527","Adidas"
"770","EF3533","Adidas"
"771","CK9728","Adidas"
"772","BB7218","Adidas"
"773","BB2270","Adidas"
"774","BB7235","Adidas"
"775","BB7231","Adidas"
"776","BB7219","Adidas"
"777","CL4155","Adidas"
"778","EE5876","Adidas"
"779","EE5303","Adidas"
"780","EE4938","Adidas"
"781","EE5179","Adidas"
"782","BZ0632","Adidas"
"783","CM4550","Adidas"
"784","CL9934","Adidas"
"785","CL7379","Adidas"
"786","CL9919","Adidas"
"787","G27860","Adidas"
"788","CJ3412","Adidas"
"789","CL7631","Adidas"
"790","CL7273","Adidas"
"791","CL7630","Adidas"
"792","EE9848","Adidas"
"793","CL7617","Adidas"
"794","BB9775","Adidas"
"796","B37343","Adidas"
"797","G28225","Adidas"
"798","DB3539","Adidas"
"799","G26777","Adidas"
"800","CJ0081","Adidas"
"801","EE8333","Adidas"
"802","CQ1175","Adidas"
"803","DA9306","Adidas"
"804","F36163","Adidas"
"805","CL7411","Adidas"
"806","CL7444","Adidas"
"807","EE7879","Adidas"
"808","EE9676","Adidas"
"809","EE7600","Adidas"
"810","EF0128","Adidas"
"811","EG3489","Adidas"
"812","CM4733","Adidas"
"813","CM0025","Adidas"
"814","CM4734","Adidas"
"815","CM4736","Adidas"
"816","CM4865","Adidas"
"817","CM4909","Adidas"
"818","CM4664","Adidas"
"819","CM4798","Adidas"
"820","CM4972","Adidas"
"821","EG8063","Adidas"
"822","CM4799","Adidas"
"823","CM4665","Adidas"
"824","CM4908","Adidas"
"825","CM4666","Adidas"
"826","CM4973","Adidas"
"827","CM4632","Adidas"
"828","CM4647","Adidas"
"829","CM4868","Adidas"
"830","CM4646","Adidas"
"831","CM4718","Adidas"
"832","CM4693","Adidas"
"833","CM4904","Adidas"
"834","CM4774","Adidas"
"835","CM4617","Adidas"
"836","CM4935","Adidas"
"837","CM4755","Adidas"
"838","EF1224","Adidas"
"839","D96450","Adidas"
"840","CM4618","Adidas"
"841","AQ0886","Adidas"
"842","B28068","Adidas"
"843","CQ2618","Adidas"
"844","CM4694","Adidas"
"845","FV4049","Adidas"
"846","G27721","Adidas"
"847","BD7791","Adidas"
"849","FV4329","Adidas"
"850","FV4057","Adidas"
"851","FV4044","Adidas"
"852","FV4325","Adidas"
"853","FV4331","Adidas"
"854","FV4359","Adidas"
"855","FV4319","Adidas"
"856","FV3700","Adidas"
"857","FV4318","Adidas"
"858","CG6130","Adidas"
"859","CG4050","Adidas"
"860","FV4330","Adidas"
"861","FV4317","Adidas"
"862","DB0444","Adidas"
"863","F36255","Adidas"
"864","B96474","Adidas"
"865","B37530","Adidas"
"866","B37528","Adidas"
"867","FV4350","Adidas"
"868","B44830","Adidas"
"869","B37942","Adidas"
"870","B96551","Adidas"
"871","B43884","Adidas"
"872","B75587","Adidas"
"873","F36513","Adidas"
"874","F34341","Adidas"
"875","D96552","Adidas"
"876","D98204","Adidas"
"877","G26782","Adidas"
"878","EE4950","Adidas"
"879","EE5018","Adidas"
"880","EE5907","Adidas"
"881","BY9250","Adidas"
"882","BB2042","Adidas"
"883","EF0321","Adidas"
"884","BB2278","Adidas"
"885","EE4926","Adidas"
"886","EE4918","Adidas"
"887","EE4928","Adidas"
"888","EE8218","Adidas"
"889","EE5150","Adidas"
"890","B22706","Adidas"
"891","CQ2740","Adidas"
"892","CQ2105","Adidas"
"893","CQ2106","Adidas"
"894","EF3534","Adidas"
"895","CQ3012","Adidas"
"896","DB3277","Adidas"
"897","CQ2032","Adidas"
"898","BB6708","Adidas"
"899","CM4937","Adidas"
"900","CM4756","Adidas"
"902","CG6048","Adidas"
"903","CG5673","Adidas"
"904","EE9726","Adidas"
"905","EF1421","Adidas"
"906","EF0786","Adidas"
"907","EE9722","Adidas"
"908","EF1424","Adidas"
"909","G27273","Adidas"
"910","EF0812","Adidas"
"911","G28062","Adidas"
"912","EF0789","Adidas"
"913","EF0787","Adidas"
"914","G26994","Adidas"
"915","F34099","Adidas"
"916","EF1581","Adidas"
"917","G28058","Adidas"
"918","G27403","Adidas"
"919","G26939","Adidas"
"920","G28202","Adidas"
"921","EF1164","Adidas"
"922","EF8904","Adidas"
"923","G28450","Adidas"
"924","CM4759","Adidas"
"925","EF8903","Adidas"
"926","F35445","Adidas"
"927","B75807","Adidas"
"928","CJ0079","Adidas"
"929","CM0084","Adidas"
"930","EE5358","Adidas"
"931","B96556","Adidas"
"932","CM0035","Adidas"
"933","EE4572","Adidas"
"934","CL7309","Adidas"
"935","CL7610","Adidas"
"936","B37616","Adidas"
"937","FV3032","Adidas"
"938","BD7597","Adidas"
"939","BZ0085","Adidas"
"940","EE5083","Adidas"
"941","CL7561","Adidas"
"942","F97208","Adidas"
"943","EE5404","Adidas"
"944","CL9998","Adidas"
"945","EE8373","Adidas"
"946","F36418","Adidas"
"947","CL9921","Adidas"
"948","F35499","Adidas"
"949","EE5641","Adidas"
"950","F34983","Adidas"
"951","F36985","Adidas"
"952","B79771","Adidas"
"953","CJ7956","Adidas"
"955","CJ7995","Adidas"
"956","F36467","Adidas"
"957","CG4048","Adidas"
"958","F34437","Adidas"
"959","CG6205","Adidas"
"960","EG8695","Adidas"
"961","B41939","Adidas"
"962","CG6199","Adidas"
"963","B37720","Adidas"
"964","AQ1087","Adidas"
"965","B37759","Adidas"
"966","AQ1027","Adidas"
"967","B37990","Adidas"
"968","B37651","Adidas"
"969","B28164","Adidas"
"970","B28163","Adidas"
"971","B37983","Adidas"
"972","DB2689","Adidas"
"973","CG6056","Adidas"
"974","CG6460","Adidas"
"975","CG6108","Adidas"
"976","BD8024","Adidas"
"977","D96444","Adidas"
"978","BD8007","Adidas"
"979","CG6065","Adidas"
"980","G27719","Adidas"
"981","CG6187","Adidas"
"982","G27648","Adidas"
"983","EE8279","Adidas"
"984","EE8247","Adidas"
"985","EE8612","Adidas"
"986","CQ1068","Adidas"
"987","B37635","Adidas"
"988","DB3065","Adidas"
"989","CQ1092","Adidas"
"990","DB3083","Adidas"
"991","CG6222","Adidas"
"992","DB3078","Adidas"
"993","DB2707","Adidas"
"994","D96553","Adidas"
"995","EF0580","Adidas"
"996","EF0581","Adidas"
"997","G25848","Adidas"
"998","EE9745","Adidas"
"999","EE7899","Adidas"
"1000","G28386","Adidas"
"1001","EE6784","Adidas"
"1002","DB3349","Adidas"
"1003","EE6816","Adidas"
"1004","DB3401","Adidas"
"1005","EG1865","Adidas"
"1006","EG2037","Adidas"
"1008","CM6057","Adidas"
"1009","EG2035","Adidas"
"1010","EE5614","Adidas"
"1011","EF9225","Adidas"
"1012","EE5174","Adidas"
"1013","CM6058","Adidas"
"1014","EE5915","Adidas"
"1015","BY2949","Adidas"
"1016","EE5933","Adidas"
"1017","F34865","Adidas"
"1018","S80662","Adidas"
"1019","CM6059","Adidas"
"1020","CJ8016","Adidas"
"1021","CL7428","Adidas"
"1022","EE4843","Adidas"
"1023","CK9670","Adidas"
"1024","EE7740","Adidas"
"1025","EE8969","Adidas"
"1026","BZ0087","Adidas"
"1027","F36256","Adidas"
"1028","EE5362","Adidas"
"1029","F35762","Adidas"
"1030","EE5837","Adidas"
"1031","EE4576","Adidas"
"1032","EE6991","Adidas"
"1033","EE6012","Adidas"
"1034","EE4470","Adidas"
"1035","EE6327","Adidas"
"1036","AQ8530","Adidas"
"1037","CI9990","Adidas"
"1038","EE7064","Adidas"
"1039","F36417","Adidas"
"1040","EE4808","Adidas"
"1041","F36431","Adidas"
"1042","B44669","Adidas"
"1043","B43745","Adidas"
"1044","CJ8021","Adidas"
"1045","CM4549","Adidas"
"1046","EE8374","Adidas"
"1047","CL4154","Adidas"
"1048","CL7609","Adidas"
"1049","CK9456","Adidas"
"1050","EG4372","Adidas"
"1051","CJ8987","Adidas"
"1052","EG4303","Adidas"
"1053","BB7616","Adidas"
"1054","EE5603","Adidas"
"1055","EE8970","Adidas"
"1056","CJ8113","Adidas"
"1057","CL7463","Adidas"
"1058","F97210","Adidas"
"1059","B44732","Adidas"
"1061","EE6807","Adidas"
"1062","F35515","Adidas"
"1063","F35615","Adidas"
"1064","CK9466","Adidas"
"1065","F36650","Adidas"
"1066","BC1040","Adidas"
"1067","EF0810","Adidas"
"1068","CL9963","Adidas"
"1069","BB6917","Adidas"
"1070","CL9938","Adidas"
"1071","CL9997","Adidas"
"1072","CL7642","Adidas"
"1073","F35040","Adidas"
"1074","CJ8017","Adidas"
"1075","EE9727","Adidas"
"1076","CJ8012","Adidas"
"1077","CL7632","Adidas"
"1078","CL7486","Adidas"
"1079","BZ0631","Adidas"
"1080","D98056","Adidas"
"1081","CM4824","Adidas"
"1082","CM4825","Adidas"
"1083","B43753","Adidas"
"1084","FV4349","Adidas"
"1085","F36517","Adidas"
"1086","EE8131","Adidas"
"1087","EE9737","Adidas"
"1088","EF1060","Adidas"
"1089","EE9938","Adidas"
"1090","EE8353","Adidas"
"1091","EF0452","Adidas"
"1092","EE5170","Adidas"
"1093","EE5153","Adidas"
"1094","EE4842","Adidas"
"1095","EE4958","Adidas"
"1096","EE4922","Adidas"
"1097","EE6046","Adidas"
"1098","EE6130","Adidas"
"1099","EF3523","Adidas"
"1100","EF3535","Adidas"
"1101","FW2818","Adidas"
"1102","EE5535","Adidas"
"1103","EF3531","Adidas"
"1104","B22713","Adidas"
"1105","FW2803","Adidas"
"1106","FW2848","Adidas"
"1107","EG8544","Adidas"
"1108","EF4393","Adidas"
"1109","EG4588","Adidas"
"1110","EF4398","Adidas"
"1111","AC8765","Adidas"
"1112","B37361","Adidas"
"1114","B41727","Adidas"
"1115","B96511","Adidas"
"1116","B37657","Adidas"
"1117","AQ1138","Adidas"
"1118","B37068","Adidas"
"1119","DB2680","Adidas"
"1120","B28123","Adidas"
"1121","AQ1134","Adidas"
"1122","EE5562","Adidas"
"1123","EE5934","Adidas"
"1124","EE5104","Adidas"
"1125","BB1702","Adidas"
"1126","EE7031","Adidas"
"1127","DB2119","Adidas"
"1128","F36599","Adidas"
"1129","EE5171","Adidas"
"1130","DA9604","Adidas"
"1131","BB6709","Adidas"
"1132","B96517","Adidas"
"1133","CQ1971","Adidas"
"1134","B96520","Adidas"
"1135","DB1763","Adidas"
"1136","B96554","Adidas"
"1137","AQ1111","Adidas"
"1138","CK9475","Adidas"
"1139","F36166","Adidas"
"1140","CG7112","Adidas"
"1141","CL7427","Adidas"
"1142","CQ1968","Adidas"
"1143","B37600","Adidas"
"1144","CL7335","Adidas"
"1145","F34094","Adidas"
"1146","EF0785","Adidas"
"1147","CK9572","Adidas"
"1148","EF0788","Adidas"
"1149","EE6331","Adidas"
"1150","EE7245","Adidas"
"1151","EE4771","Adidas"
"1152","F34098","Adidas"
"1153","CL9956","Adidas"
"1154","G28059","Adidas"
"1155","CL9942","Adidas"
"1156","F33908","Adidas"
"1157","G28060","Adidas"
"1158","DB3144","Adidas"
"1159","CI9935","Adidas"
"1160","F36664","Adidas"
"1161","DB1755","Adidas"
"1162","F36173","Adidas"
"1163","EE8134","Adidas"
"1164","F35613","Adidas"
"1165","CK9557","Adidas"
"1167","CK9476","Adidas"
"1168","CK9649","Adidas"
"1169","DA8929","Adidas"
"1170","CK9483","Adidas"
"1171","CL9926","Adidas"
"1172","FV8786","Adidas"
"1173","CL9943","Adidas"
"1174","BB9774","Adidas"
"1175","EE8007","Adidas"
"1176","F36201","Adidas"
"1177","FV8790","Adidas"
"1178","F36331","Adidas"
"1179","AQ0919","Adidas"
"1180","CJ8146","Adidas"
"1181","B43732","Adidas"
"1182","B44849","Adidas"
"1183","B37783","Adidas"
"1184","B96578","Adidas"
"1185","F37006","Adidas"
"1186","CJ8041","Adidas"
"1187","CG6131","Adidas"
"1188","CG6113","Adidas"
"1189","G28971","Adidas"
"1190","B37469","Adidas"
"1191","CG6112","Adidas"
"1192","F34625","Adidas"
"1193","EE9844","Adidas"
"1194","EE8269","Adidas"
"1195","EE9843","Adidas"
"1196","EE9852","Adidas"
"1197","CG6066","Adidas"
"1198","EE8136","Adidas"
"1199","G27645","Adidas"
"1200","CL9961","Adidas"
"1201","FV3699","Adidas"
"1202","CI2606","Adidas"
"1203","EE7359","Adidas"
"1204","CK9658","Adidas"
"1205","EF0417","Adidas"
"1206","EF0436","Adidas"
"1207","EG3102","Adidas"
"1208","EE4951","Adidas"
"1209","FW2846","Adidas"
"1210","FW2895","Adidas"
"1211","EE4562","Adidas"
"1212","EE5540","Adidas"
"1213","EG8688","Adidas"
"1214","EG8685","Adidas"
"1215","EE7033","Adidas"
"1216","DB3109","Adidas"
"1217","DB3244","Adidas"
"1218","DB0126","Adidas"
"1220","CG4708","Adidas"
"1221","DB3241","Adidas"
"1222","F36476","Adidas"
"1223","F36225","Adidas"
"1224","F37047","Adidas"
"1225","B44728","Adidas"
"1226","BB7317","Adidas"
"1227","F35036","Adidas"
"1228","AQ0055","Adidas"
"1229","F34440","Adidas"
"1230","B96561","Adidas"
"1231","B96339","Adidas"
"1232","D97112","Adidas"
"1233","F36651","Adidas"
"1234","F36308","Adidas"
"1235","F35050","Adidas"
"1236","EE7482","Adidas"
"1237","EE7502","Adidas"
"1238","F36669","Adidas"
"1239","F37079","Adidas"
"1240","EE8133","Adidas"
"1241","G28914","Adidas"
"1242","EE8197","Adidas"
"1243","EE7511","Adidas"
"1244","EG4103","Adidas"
"1245","EH2549","Adidas"
"1246","EG5006","Adidas"
"1247","EH2201","Adidas"
"1248","EH2531","Adidas"
"1249","EG4273","Adidas"
"1250","EG5005","Adidas"
"1251","EG4275","Adidas"
"1252","EE5906","Adidas"
"1253","EE5106","Adidas"
"1254","EE5181","Adidas"
"1255","EG3238","Adidas"
"1256","EE5864","Adidas"
"1257","EG1902","Adidas"
"1258","EH2552","Adidas"
"1259","EG8587","Adidas"
"1260","EG3705","Adidas"
"1261","EG3173","Adidas"
"1262","EG3693","Adidas"
"1263","EG3691","Adidas"
"1264","CL0244","Adidas"
"1265","CJ0874","Adidas"
"1266","F35030","Adidas"
"1267","EG3666","Adidas"
"1268","EH1856","Adidas"
"1269","CL0211","Adidas"
"1270","EG3491","Adidas"
"1271","B23738","Adidas"
"1273","EG3282","Adidas"
"1274","EH1855","Adidas"
"1275","B22705","Adidas"
"1276","EE6743","Adidas"
"1277","EE6122","Adidas"
"1278","EE6121","Adidas"
"1279","CM4981","Adidas"
"1280","CM4658","Adidas"
"1281","EG3283","Adidas"
"1282","CM4659","Adidas"
"1283","F36671","Adidas"
"1284","AW4209","Adidas"
"1285","G25877","Adidas"
"1286","CM4855","Adidas"
"1287","EE8452","Adidas"
"1288","CM4813","Adidas"
"1289","EE8351","Adidas"
"1290","G28329","Adidas"
"1291","CM4857","Adidas"
"1292","CM4900","Adidas"
"1293","CM4899","Adidas"
"1294","CM4901","Adidas"
"1295","CM4830","Adidas"
"1296","EF0778","Adidas"
"1297","EF0780","Adidas"
"1298","G27270","Adidas"
"1299","EF1233","Adidas"
"1300","CM4878","Adidas"
"1301","CM4877","Adidas"
"1302","G27272","Adidas"
"1303","CM4862","Adidas"
"1304","CM4979","Adidas"
"1305","EF1416","Adidas"
"1306","EE7897","Adidas"
"1307","CM4884","Adidas"
"1308","G28373","Adidas"
"1309","CM4842","Adidas"
"1310","EF0822","Adidas"
"1311","CM4860","Adidas"
"1312","CM4929","Adidas"
"1313","G28560","Adidas"
"1314","AQ8528","Adidas"
"1315","G28208","Adidas"
"1316","BB5476","Adidas"
"1317","CQ2405","Adidas"
"1318","G28209","Adidas"
"1319","CL7580","Adidas"
"1320","B43687","Adidas"
"1321","B41645","Adidas"
"1322","BY2120","Adidas"
"1323","B24105","Adidas"
"1324","B96568","Adidas"
"1326","FV7826","Adidas"
"1327","F35580","Adidas"
"1328","FV7825","Adidas"
"1329","G27707","Adidas"
"1330","EE8498","Adidas"
"1331","FV4631","Adidas"
"1332","EE4465","Adidas"
"1333","EE8138","Adidas"
"1334","FV4419","Adidas"
"1335","G28116","Adidas"
"1336","B42315","Adidas"
"1337","EE9574","Adidas"
"1338","EG4960","Adidas"
"1339","EE6803","Adidas"
"1340","EF5506","Adidas"
"1341","G28428","Adidas"
"1342","EF5440","Adidas"
"1343","FV4190","Adidas"
"1344","EH0025","Adidas"
"1345","G28331","Adidas"
"1346","G25878","Adidas"
"1347","EE6802","Adidas"
"1348","B42314","Adidas"
"1349","CL9955","Adidas"
"1350","G28336","Adidas"
"1351","G54014","Adidas"
"1352","FV2806","Adidas"
"1353","FV3021","Adidas"
"1354","FV3743","Adidas"
"1355","FV5359","Adidas"
"1356","G54015","Adidas"
"1357","BD7929","Adidas"
"1358","G26993","Adidas"
"1359","EF1625","Adidas"
"1360","G27479","Adidas"
"1361","EE7911","Adidas"
"1362","F35008","Adidas"
"1363","G27492","Adidas"
"1364","G28885","Adidas"
"1365","EF1163","Adidas"
"1366","EF8847","Adidas"
"1367","B96566","Adidas"
"1368","EG4159","Adidas"
"1369","G27484","Adidas"
"1370","F34327","Adidas"
"1371","CL7477","Adidas"
"1372","G27495","Adidas"
"1373","B28129","Adidas"
"1374","EF1229","Adidas"
"1375","EF4920","Adidas"
"1376","EE6893","Adidas"
"1377","EF2335","Adidas"
"1379","EF4372","Adidas"
"1380","FW9328","Adidas"
"1381","B27797","Adidas"
"1382","EG7737","Adidas"
"1383","DB3105","Adidas"
"1384","CG6477","Adidas"
"1385","CG3552","Adidas"
"1386","EG8778","Adidas"
"1387","BB3627","Adidas"
"1388","EE4851","Adidas"
"1389","EF4373","Adidas"
"1390","BW0418","Adidas"
"1391","G27728","Adidas"
"1392","BB3628","Adidas"
"1393","BB3645","Adidas"
"1394","F37427","Adidas"
"1395","DB3541","Adidas"
"1396","EE7346","Adidas"
"1397","EG1866","Adidas"
"1398","EE4895","Adidas"
"1399","D96635","Adidas"
"1400","FV6404","Adidas"
"1401","CG6040","Adidas"
"1402","EE6074","Adidas"
"1403","CG4743","Adidas"
"1404","EG2738","Adidas"
"1405","F35493","Adidas"
"1406","F35597","Adidas"
"1407","F35495","Adidas"
"1408","F35494","Adidas"
"1409","DB1370","Adidas"
"1410","F35498","Adidas"
"1411","DB1372","Adidas"
"1412","F36991","Adidas"
"1413","B96223","Adidas"
"1414","F35497","Adidas"
"1415","F36501","Adidas"
"1416","EE6821","Adidas"
"1417","EE7745","Adidas"
"1418","EE6135","Adidas"
"1419","AQ0334","Adidas"
"1420","B96218","Adidas"
"1421","CG5537","Adidas"
"1422","AQ0538","Adidas"
"1423","EE7777","Adidas"
"1424","EF5885","Adidas"
"1425","EE8378","Adidas"
"1426","EF5870","Adidas"
"1427","CG5580","Adidas"
"1428","BB7566","Adidas"
"1429","AQ0054","Adidas"
"1430","B75665","Adidas"
"1432","AQ0539","Adidas"
"1433","EG2646","Adidas"
"1434","EH0181","Adidas"
"1435","EF5902","Adidas"
"1436","FU6910","Adidas"
"1437","AC7104","Adidas"
"1438","EF9625","Adidas"
"1439","D97946","Adidas"
"1440","B75667","Adidas"
"1441","BD7080","Adidas"
"1442","CL9914","Adidas"
"1443","BB6602","Adidas"
"1444","EF5435","Adidas"
"1445","BC1050","Adidas"
"1446","EF5507","Adidas"
"1447","D97319","Adidas"
"1448","EF5985","Adidas"
"1449","EF5441","Adidas"
"1450","F35769","Adidas"
"1451","EG8776","Adidas"
"1452","D97429","Adidas"
"1453","EF0820","Adidas"
"1454","EF4027","Adidas"
"1455","CG6732","Adidas"
"1456","EH2180","Adidas"
"1457","EF6050","Adidas"
"1458","EF6048","Adidas"
"1459","EE7290","Adidas"
"1460","EE7449","Adidas"
"1461","EE7968","Adidas"
"1462","F36481","Adidas"
"1463","EG1900","Adidas"
"1464","EF6049","Adidas"
"1465","EF7141","Adidas"
"1466","EF7140","Adidas"
"1467","CQ1091","Adidas"
"1468","EF7134","Adidas"
"1469","EH1097","Adidas"
"1470","FV4656","Adidas"
"1471","G26947","Adidas"
"1472","F34060","Adidas"
"1473","G26944","Adidas"
"1474","EG5185","Adidas"
"1475","EG5188","Adidas"
"1476","FV3029","Adidas"
"1477","FV4658","Adidas"
"1478","CM4831","Adidas"
"1479","EF6270","Adidas"
"1480","CM4705","Adidas"
"1481","FV3031","Adidas"
"1482","FV5358","Adidas"
"1483","DB0594","Adidas"
"1485","G27461","Adidas"
"1486","CM4708","Adidas"
"1487","DA9868","Adidas"
"1488","EE9540","Adidas"
"1489","DB3483","Adidas"
"1490","EE3912","Adidas"
"1491","CJ0183","Adidas"
"1492","AQ0534","Adidas"
"1493","CK9502","Adidas"
"1494","BC1041","Adidas"
"1495","CM0065","Adidas"
"1496","EG3013","Adidas"
"1497","EE4966","Adidas"
"1498","B75806","Adidas"
"1499","CK9434","Adidas"
"1500","EH0833","Adidas"
"1501","G27637","Adidas"
"1502","CL7579","Adidas"
"1503","CK9631","Adidas"
"1504","EE6091","Adidas"
"1505","CL9945","Adidas"
"1506","FV4189","Adidas"
"1507","F34477","Adidas"
"1508","F34683","Adidas"
"1509","CP8827","Adidas"
"1510","F36998","Adidas"
"1511","F36457","Adidas"
"1512","EE8008","Adidas"
"1513","EE5511","Adidas"
"1514","EE5602","Adidas"
"1515","EE6329","Adidas"
"1516","EE5506","Adidas"
"1517","F36471","Adidas"
"1518","EF6551","Adidas"
"1519","EE6325","Adidas"
"1520","EE5678","Adidas"
"1521","EE4967","Adidas"
"1522","EF8907","Adidas"
"1523","EE8688","Adidas"
"1524","EE8972","Adidas"
"1525","EE7239","Adidas"
"1526","G26935","Adidas"
"1527","EE5394","Adidas"
"1528","EH0033","Adidas"
"1529","B75573","Adidas"
"1530","EE4883","Adidas"
"1531","DA8964","Adidas"
"1532","CJ8060","Adidas"
"1533","B75782","Adidas"
"1534","G27401","Adidas"
"1535","B75780","Adidas"
"1536","S80807","Adidas"
"1538","S32279","Adidas"
"1539","AC7556","Adidas"
"1540","B22785","Adidas"
"1541","F35130","Adidas"
"1542","B43742","Adidas"
"1543","CK9814","Adidas"
"1544","CK9571","Adidas"
"1545","F34844","Adidas"
"1546","F35284","Adidas"
"1547","CQ1149","Adidas"
"1548","F34739","Adidas"
"1549","CK9866","Adidas"
"1550","EE5654","Adidas"
"1551","FV3013","Adidas"
"1552","F35282","Adidas"
"1553","EF9624","Adidas"
"1554","CK9865","Adidas"
"1555","F34073","Adidas"
"1556","D96551","Adidas"
"1557","CK9784","Adidas"
"1558","F36512","Adidas"
"1559","F35283","Adidas"
"1560","EG3096","Adidas"
"1561","EG3115","Adidas"
"1562","EF5550","Adidas"
"1563","EF9623","Adidas"
"1564","CJ3410","Adidas"
"1565","CQ1061","Adidas"
"1566","BB4014","Adidas"
"1567","AQ6095","Adidas"
"1568","EF7135","Adidas"
"1569","B44500","Adidas"
"1570","EF1629","Adidas"
"1571","B43600","Adidas"
"1572","EG8735","Adidas"
"1573","G28713","Adidas"
"1574","EF3538","Adidas"
"1575","CJ9005","Adidas"
"1576","AH2156","Adidas"
"1577","FV6447","Adidas"
"1578","CM7767","Adidas"
"1579","DB0646","Adidas"
"1580","CG6367","Adidas"
"1581","CM7741","Adidas"
"1582","CJ9006","Adidas"
"1583","AC7943","Adidas"
"1584","CG6364","Adidas"
"1585","BC0534","Adidas"
"1586","CK1081","Adidas"
"1587","F37022","Adidas"
"1588","EE3812","Adidas"
"1589","G26834","Adidas"
"1591","FV6794","Adidas"
"1592","G26790","Adidas"
"1593","EH1524","Adidas"
"1594","G26548","Adidas"
"1595","B42122","Adidas"
"1596","F99913","Adidas"
"1597","EG1073","Adidas"
"1598","EG7893","Adidas"
"1599","G28915","Adidas"
"1600","BB3484","Adidas"
"1601","EG1069","Adidas"
"1602","EG2015","Adidas"
"1603","FW3138","Adidas"
"1604","EF2212","Adidas"
"1605","EG1071","Adidas"
"1606","EG2045","Adidas"
"1607","EE4036","Adidas"
"1608","FW5423","Adidas"
"1609","EG1287","Adidas"
"1610","EG2663","Adidas"
"1611","EG2017","Adidas"
"1612","EG0719","Adidas"
"1613","EH1208","Adidas"
"1614","EG4901","Adidas"
"1615","EE4264","Adidas"
"1616","EG1096","Adidas"
"1617","EG1011","Adidas"
"1618","EG2052","Adidas"
"1619","EG0720","Adidas"
"1620","EF2696","Adidas"
"1621","EG0715","Adidas"
"1622","EE4614","Adidas"
"1623","EH1333","Adidas"
"1624","EF0524","Adidas"
"1625","EH1847","Adidas"
"1626","G27491","Adidas"
"1627","EF0708","Adidas"
"1628","EE4005","Adidas"
"1629","EG0761","Adidas"
"1630","EF2774","Adidas"
"1631","EE5147","Adidas"
"1632","EF1565","Adidas"
"1633","F35285","Adidas"
"1634","G27482","Adidas"
"1635","BC1031","Adidas"
"1636","F35539","Adidas"
"1637","CK9816","Adidas"
"1638","B96338","Adidas"
"1639","CM7531","Adidas"
"1640","EG1369","Adidas"
"1641","EG1837","Adidas"
"1642","FV6106","Adidas"
"1644","FV4526","Adidas"
"1645","EG3729","Adidas"
"1646","FU8941","Adidas"
"1647","FU8932","Adidas"
"1648","CM6080","Adidas"
"1649","CM6051","Adidas"
"1650","CM6052","Adidas"
"1651","CM6081","Adidas"
"1652","CM6068","Adidas"
"1653","FV4418","Adidas"
"1654","CM6069","Adidas"
"1655","CM6073","Adidas"
"1656","FV4525","Adidas"
"1657","CM6044","Adidas"
"1658","FV2875","Adidas"
"1659","FW2152","Adidas"
"1660","FV2874","Adidas"
"1661","CJ8072","Adidas"
"1662","CJ8088","Adidas"
"1663","CK9657","Adidas"
"1664","AC7043","Adidas"
"1665","FW9783","Adidas"
"1666","F35607","Adidas"
"1667","CJ8111","Adidas"
"1668","CL7446","Adidas"
"1669","G26990","Adidas"
"1670","CJ0194","Adidas"
"1671","EH0021","Adidas"
"1672","B44861","Adidas"
"1673","EE7610","Adidas"
"1674","BD7439","Adidas"
"1675","F34604","Adidas"
"1676","CJ8107","Adidas"
"1677","B37550","Adidas"
"1678","CJ8069","Adidas"
"1679","CJ7992","Adidas"
"1680","CJ7987","Adidas"
"1681","F36162","Adidas"
"1682","G26776","Adidas"
"1683","CG6537","Adidas"
"1684","BB9420","Adidas"
"1685","CK9660","Adidas"
"1686","CJ8109","Adidas"
"1687","CJ0044","Adidas"
"1688","CJ8116","Adidas"
"1689","CK9445","Adidas"
"1690","EF0148","Adidas"
"1691","CG7123","Adidas"
"1692","EE5677","Adidas"
"1693","EE5819","Adidas"
"1694","EE5834","Adidas"
"1695","EE5361","Adidas"
"1697","EE4924","Adidas"
"1698","CJ0180","Adidas"
"1699","F36645","Adidas"
"1700","AQ0907","Adidas"
"1701","CM4930","Adidas"
"1702","CM4547","Adidas"
"1703","EE6377","Adidas"
"1704","DB0271","Adidas"
"1705","G27402","Adidas"
"1706","EE7843","Adidas"
"1707","EG6864","Adidas"
"1708","EH0173","Adidas"
"1709","EH2181","Adidas"
"1710","FV4529","Adidas"
"1711","CM4863","Adidas"
"1712","EE6894","Adidas"
"1713","B41823","Adidas"
"1714","CI1871","Adidas"
"1715","B43829","Adidas"
"1716","F35514","Adidas"
"1717","B44820","Adidas"
"1718","B44736","Adidas"
"1719","CM4864","Adidas"
"1720","F34498","Adidas"
"1721","EE6011","Adidas"
"1722","CK9656","Adidas"
"1723","CL7360","Adidas"
"1724","CK9546","Adidas"
"1725","S75104","Adidas"
"1726","CK9507","Adidas"
"1727","F35598","Adidas"
"1728","CL0207","Adidas"
"1729","CI9700","Adidas"
"1730","CI1704","Adidas"
"1731","EE5730","Adidas"
"1732","EE6029","Adidas"
"1733","CQ2406","Adidas"
"1734","EF6552","Adidas"
"1735","F36717","Adidas"
"1736","CL7284","Adidas"
"1737","F36424","Adidas"
"1738","BD7497","Adidas"
"1739","EE7901","Adidas"
"1740","EE7905","Adidas"
"1741","EE7907","Adidas"
"1742","EE7690","Adidas"
"1743","EE7696","Adidas"
"1744","EE7382","Adidas"
"1745","EE7693","Adidas"
"1746","EE7422","Adidas"
"1747","EE7900","Adidas"
"1748","EE6151","Adidas"
"1750","EE5399","Adidas"
"1751","EE8153","Adidas"
"1752","EE6110","Adidas"
"1753","EE7881","Adidas"
"1754","EE6077","Adidas"
"1755","EE7360","Adidas"
"1756","EE7880","Adidas"
"1757","CM5956","Adidas"
"1758","EE9648","Adidas"
"1759","FV3020","Adidas"
"1760","CM5971","Adidas"
"1761","CM5963","Adidas"
"1762","CM5978","Adidas"
"1763","CM5962","Adidas"
"1764","CM5975","Adidas"
"1765","CM5961","Adidas"
"1766","CM5974","Adidas"
"1767","CM5990","Adidas"
"1768","CM5979","Adidas"
"1769","AQ0863","Adidas"
"1770","CJ8104","Adidas"
"1771","CM5965","Adidas"
"1772","CL7519","Adidas"
"1773","EE5108","Adidas"
"1774","CL9930","Adidas"
"1775","EF0815","Adidas"
"1776","CL9935","Adidas"
"1777","CM4795","Adidas"
"1778","F35061","Adidas"
"1779","CM4978","Adidas"
"1780","EG1686","Adidas"
"1781","FV2838","Adidas"
"1782","EF4344","Adidas"
"1783","EH0188","Adidas"
"1784","EE6037","Adidas"
"1785","CM0039","Adidas"
"1786","G27636","Adidas"
"1787","F34392","Adidas"
"1788","EG1728","Adidas"
"1789","DB1758","Adidas"
"1790","CI1822","Adidas"
"1791","CI9830","Adidas"
"1792","DB1459","Adidas"
"1793","EG5947","Adidas"
"1794","B44809","Adidas"
"1795","CG4044","Adidas"
"1796","CI9931","Adidas"
"1797","F35025","Adidas"
"1798","B96344","Adidas"
"1799","CL7543","Adidas"
"1800","F35560","Adidas"
"1801","CL7399","Adidas"
"1803","CL7509","Adidas"
"1804","EF3500","Adidas"
"1805","EE8024","Adidas"
"1806","EE3655","Adidas"
"1807","EE8447","Adidas"
"1808","CL7426","Adidas"
"1809","EF9182","Adidas"
"1810","EE6317","Adidas"
"1811","EF3836","Adidas"
"1812","FW5351","Adidas"
"1813","DB0958","Adidas"
"1814","CI9939","Adidas"
"1815","BD7577","Adidas"
"1816","BB7828","Adidas"
"1817","DB3530","Adidas"
"1818","F34864","Adidas"
"1819","CJ8087","Adidas"
"1820","F34568","Adidas"
"1821","B41812","Adidas"
"1822","CL7310","Adidas"
"1823","CL7397","Adidas"
"1824","CL7624","Adidas"
"1825","CL7573","Adidas"
"1826","BB7716","Adidas"
"1827","EE6318","Adidas"
"1828","BC0020","Adidas"
"1829","CI9699","Adidas"
"1830","CJ8027","Adidas"
"1831","B37736","Adidas"
"1832","D97080","Adidas"
"1833","CL7308","Adidas"
"1834","G27464","Adidas"
"1835","CL9966","Adidas"
"1836","BD7480","Adidas"
"1837","CI1823","Adidas"
"1838","DB0961","Adidas"
"1839","CQ2896","Adidas"
"1840","B41649","Adidas"
"1841","CQ1711","Adidas"
"1842","CI9992","Adidas"
"1843","B37725","Adidas"
"1844","CI9831","Adidas"
"1845","BB7613","Adidas"
"1846","CK1229","Adidas"
"1847","BB7829","Adidas"
"1848","B44821","Adidas"
"1849","CJ7975","Adidas"
"1850","B43651","Adidas"
"1851","F35012","Adidas"
"1852","CJ8106","Adidas"
"1853","EF8729","Adidas"
"1854","BD7932","Adidas"
"1856","CL7606","Adidas"
"1857","FV6448","Adidas"
"1858","G27639","Adidas"
"1859","CK9569","Adidas"
"1860","EE3649","Adidas"
"1861","CK9829","Adidas"
"1862","CG5801","Adidas"
"1863","CJ0027","Adidas"
"1864","CJ0070","Adidas"
"1865","CJ8989","Adidas"
"1866","BB7067","Adidas"
"1867","B41810","Adidas"
"1868","G26778","Adidas"
"1869","CJ8103","Adidas"
"1870","EE6876","Adidas"
"1871","EE7246","Adidas"
"1872","CK9805","Adidas"
"1873","EE5883","Adidas"
"1874","CK9785","Adidas"
"1875","CK9802","Adidas"
"1876","CK9860","Adidas"
"1877","EF1413","Adidas"
"1878","G27309","Adidas"
"1879","EE6436","Adidas"
"1880","EG8300","Adidas"
"1881","CM5922","Adidas"
"1882","CM4854","Adidas"
"1883","B43814","Adidas"
"1884","AC7045","Adidas"
"1885","D96746","Adidas"
"1886","EE3654","Adidas"
"1887","G26806","Adidas"
"1888","CQ1179","Adidas"
"1889","EE7840","Adidas"
"1890","EE4277","Adidas"
"1891","F35377","Adidas"
"1892","B37919","Adidas"
"1893","EG2363","Adidas"
"1894","CG3820","Adidas"
"1895","DB1560","Adidas"
"1896","F34428","Adidas"
"1897","F36994","Adidas"
"1898","B41648","Adidas"
"1899","B37959","Adidas"
"1900","BB6744","Adidas"
"1901","DB3588","Adidas"
"1902","F34563","Adidas"
"1903","F36208","Adidas"
"1904","CL7342","Adidas"
"1905","EE9721","Adidas"
"1906","FV2480","Adidas"
"1907","EE5590","Adidas"
"1909","BB6918","Adidas"
"1910","EE9513","Adidas"
"1911","CP8828","Adidas"
"1912","CP9344","Adidas"
"1913","F36171","Adidas"
"1914","CI9976","Adidas"
"1915","CI9701","Adidas"
"1916","B44806","Adidas"
"1917","EE4577","Adidas"
"1918","BZ0109","Adidas"
"1919","F34571","Adidas"
"1920","CJ8014","Adidas"
"1921","CP8822","Adidas"
"1922","F36242","Adidas"
"1923","CJ8074","Adidas"
"1924","CJ8015","Adidas"
"1925","CJ8114","Adidas"
"1926","CJ8075","Adidas"
"1927","F35444","Adidas"
"1928","EE5508","Adidas"
"1929","CJ7991","Adidas"
"1930","CL7312","Adidas"
"1931","CL7611","Adidas"
"1932","CK9605","Adidas"
"1933","CK9481","Adidas"
"1934","CK9505","Adidas"
"1935","CK9485","Adidas"
"1936","CL7489","Adidas"
"1937","CL9947","Adidas"
"1938","EE5668","Adidas"
"1939","CK9539","Adidas"
"1940","CI1702","Adidas"
"1941","CI1812","Adidas"
"1942","FV4298","Adidas"
"1943","CI1739","Adidas"
"1944","CI1935","Adidas"
"1945","B37266","Adidas"
"1946","B37955","Adidas"
"1947","BD7842","Adidas"
"1948","BD7528","Adidas"
"1949","BD7840","Adidas"
"1950","CI1738","Adidas"
"1951","AQ0535","Adidas"
"1952","FV2484","Adidas"
"1953","EE8137","Adidas"
"1954","CL7455","Adidas"
"1955","EE9267","Adidas"
"1956","FW5365","Adidas"
"1957","CJ0177","Adidas"
"1958","EE8445","Adidas"
"1959","CJ0212","Adidas"
"1960","EE7917","Adidas"
"1962","EF0586","Adidas"
"1963","EE7599","Adidas"
"1964","F34403","Adidas"
"1965","EF1157","Adidas"
"1966","F34407","Adidas"
"1967","G26942","Adidas"
"1968","F35379","Adidas"
"1969","F35382","Adidas"
"1970","F35378","Adidas"
"1971","F34400","Adidas"
"1972","EG4009","Adidas"
"1973","EE8489","Adidas"
"1974","BD7479","Adidas"
"1975","EE7763","Adidas"
"1976","BC0975","Adidas"
"1977","EF8730","Adidas"
"1978","EE7762","Adidas"
"1979","EE4937","Adidas"
"1980","EE8973","Adidas"
"1981","EE8331","Adidas"
"1982","EE4762","Adidas"
"1983","EE7163","Adidas"
"1984","EE6257","Adidas"
"1985","EE4445","Adidas"
"1986","EE4443","Adidas"
"1987","EF2102","Adidas"
"1988","CM0011","Adidas"
"1989","B22747","Adidas"
"1990","CM7988","Adidas"
"1991","BB9280","Adidas"
"1992","BC0973","Adidas"
"1993","CL7287","Adidas"
"1994","EE5790","Adidas"
"1995","CL0235","Adidas"
"1996","EF1344","Adidas"
"1997","G27506","Adidas"
"1998","F35373","Adidas"
"1999","F34394","Adidas"
"2000","DB3405","Adidas"
"2001","CK9474","Adidas"
"2002","EF8329","Adidas"
"2003","CL9983","Adidas"
"2004","EF0021","Adidas"
"2005","EF8348","Adidas"
"2006","CL9985","Adidas"
"2007","EF8211","Adidas"
"2008","CL9990","Adidas"
"2009","EF8208","Adidas"
"2010","EF1619","Adidas"
"2011","EG7224","Adidas"
"2012","CL9979","Adidas"
"2013","EF1958","Adidas"
"2015","EF1806","Adidas"
"2016","EE9573","Adidas"
"2017","EF1957","Adidas"
"2018","EF1634","Adidas"
"2019","EE9577","Adidas"
"2020","G28550","Adidas"
"2021","G28551","Adidas"
"2022","EG7155","Adidas"
"2023","EF1809","Adidas"
"2024","EG0963","Adidas"
"2025","CM5919","Adidas"
"2026","EF1664","Adidas"
"2027","BZ0084","Adidas"
"2028","CM5920","Adidas"
"2029","CM5921","Adidas"
"2030","EF2778","Adidas"
"2031","F34053","Adidas"
"2032","B27788","Adidas"
"2033","B37945","Adidas"
"2034","B37846","Adidas"
"2035","B96323","Adidas"
"2036","DB3143","Adidas"
"2037","B41825","Adidas"
"2038","F36630","Adidas"
"2039","B37787","Adidas"
"2040","DB3329","Adidas"
"2041","G27808","Adidas"
"2042","DB2609","Adidas"
"2043","CJ9009","Adidas"
"2044","CL0233","Adidas"
"2045","CI1719","Adidas"
"2046","CM0106","Adidas"
"2047","CK9437","Adidas"
"2048","F34579","Adidas"
"2049","F34578","Adidas"
"2050","F36629","Adidas"
"2051","CQ2330","Adidas"
"2052","DA9854","Adidas"
"2053","CL9937","Adidas"
"2054","CQ2358","Adidas"
"2055","DB0959","Adidas"
"2056","DB1592","Adidas"
"2057","CQ2630","Adidas"
"2058","B41736","Adidas"
"2059","CQ2809","Adidas"
"2060","B41671","Adidas"
"2061","B41719","Adidas"
"2062","B37633","Adidas"
"2063","B75680","Adidas"
"2064","B37995","Adidas"
"2065","B41766","Adidas"
"2066","B38003","Adidas"
"2068","B27786","Adidas"
"2069","B37827","Adidas"
"2070","B37364","Adidas"
"2071","B42000","Adidas"
"2072","DB2736","Adidas"
"2073","BD7816","Adidas"
"2074","DB3276","Adidas"
"2075","BD7778","Adidas"
"2076","G27934","Adidas"
"2077","DB3565","Adidas"
"2078","F35627","Adidas"
"2079","F99866","Adidas"
"2080","F34038","Adidas"
"2081","DB1464","Adidas"
"2082","CJ3406","Adidas"
"2083","CI9718","Adidas"
"2084","DA9305","Adidas"
"2085","B44650","Adidas"
"2086","AC7044","Adidas"
"2087","CJ8055","Adidas"
"2088","B43642","Adidas"
"2089","CJ8100","Adidas"
"2090","CJ8028","Adidas"
"2091","CL7474","Adidas"
"2092","EF9181","Adidas"
"2093","CK9671","Adidas"
"2094","EE5855","Adidas"
"2095","EE5317","Adidas"
"2096","EE5621","Adidas"
"2097","EE4471","Adidas"
"2098","EE4446","Adidas"
"2099","EE4988","Adidas"
"2100","EE7741","Adidas"
"2101","EE7235","Adidas"
"2102","EE4962","Adidas"
"2103","EE4989","Adidas"
"2104","F36760","Adidas"
"2105","BD7316","Adidas"
"2106","EE7162","Adidas"
"2107","EE7238","Adidas"
"2108","CM6085","Adidas"
"2109","BC1037","Adidas"
"2110","CL7629","Adidas"
"2111","B41529","Adidas"
"2112","CL9920","Adidas"
"2113","B37727","Adidas"
"2114","AQ1022","Adidas"
"2115","D96745","Adidas"
"2116","BD7843","Adidas"
"2117","CL9922","Adidas"
"2118","CK9593","Adidas"
"2119","F34037","Adidas"
"2121","EE9812","Adidas"
"2122","F34608","Adidas"
"2123","F99253","Adidas"
"2124","F36204","Adidas"
"2125","B79773","Adidas"
"2126","B43743","Adidas"
"2127","B79774","Adidas"
"2128","CL0208","Adidas"
"2129","EE6664","Adidas"
"2130","CM7593","Adidas"
"2131","CM0037","Adidas"
"2132","EH1294","Adidas"
"2133","FV4300","Adidas"
"2134","B41677","Adidas"
"2135","CL7540","Adidas"
"2136","F34944","Adidas"
"2137","CL7625","Adidas"
"2138","CL7510","Adidas"
"2139","CL7512","Adidas"
"2140","EE9894","Adidas"
"2141","F35606","Adidas"
"2142","CK9842","Adidas"
"2143","CK9810","Adidas"
"2144","CK9787","Adidas"
"2145","CK9812","Adidas"
"2146","CL9975","Adidas"
"2147","G26170","Adidas"
"2148","F97258","Adidas"
"2149","CL9980","Adidas"
"2150","EG2066","Adidas"
"2151","CL9981","Adidas"
"2152","CM5995","Adidas"
"2153","AC8133","Adidas"
"2154","EE3656","Adidas"
"2155","G27274","Adidas"
"2156","G28372","Adidas"
"2157","EG1188","Adidas"
"2158","G27364","Adidas"
"2159","G28583","Adidas"
"2160","EF0582","Adidas"
"2161","CL7522","Adidas"
"2162","CM0040","Adidas"
"2163","CL9940","Adidas"
"2164","EE5107","Adidas"
"2165","DA9853","Adidas"
"2166","CG5675","Adidas"
"2167","EE5357","Adidas"
"2168","CL7641","Adidas"
"2169","EE5451","Adidas"
"2170","CK9458","Adidas"
"2171","EE4444","Adidas"
"2172","G28970","Adidas"
"2174","EE6378","Adidas"
"2175","BB9890","Adidas"
"2176","EF2511","Adidas"
"2177","F36393","Adidas"
"2178","CL7275","Adidas"
"2179","EE7906","Adidas"
"2180","EE7908","Adidas"
"2181","EE7681","Adidas"
"2182","EE7680","Adidas"
"2183","EF5887","Adidas"
"2184","EE9675","Adidas"
"2185","EG8323","Adidas"
"2186","FV4417","Adidas"
"2187","EG3493","Adidas"
"2188","EE9717","Adidas"
"2189","CM4938","Adidas"
"2190","G27276","Adidas"
"2191","B37789","Adidas"
"2192","F36993","Adidas"
"2193","CM4773","Adidas"
"2194","BB1879","Adidas"
"2195","BB1878","Adidas"
"2196","BA9109","Adidas"
"2197","BB6079","Adidas"
"2198","BY2405","Adidas"
"2199","CJ8985","Adidas"
"2200","CL9949","Adidas"
"2201","CM0041","Adidas"
"2202","CK1083","Adidas"
"2203","CL0213","Adidas"
"2204","B43659","Adidas"
"2205","BC0516","Adidas"
"2206","BB9426","Adidas"
"2207","F34426","Adidas"
"2208","BD7810","Adidas"
"2209","B44699","Adidas"
"2210","EF8373","Adidas"
"2211","EG7971","Adidas"
"2212","EG7972","Adidas"
"2213","AQ0106","Adidas"
"2214","F34813","Adidas"
"2215","EE7379","Adidas"
"2216","EE9631","Adidas"
"2217","CK9819","Adidas"
"2218","EH1172","Adidas"
"2219","EE9635","Adidas"
"2220","EF9612","Adidas"
"2221","EH1851","Adidas"
"2222","EG1713","Adidas"
"2223","CM5923","Adidas"
"2224","CM5942","Adidas"
"2225","CM5932","Adidas"
"2227","CM5933","Adidas"
"2228","CM5924","Adidas"
"2229","CM5938","Adidas"
"2230","EG4344","Adidas"
"2231","EG5839","Adidas"
"2232","EF8850","Adidas"
"2233","CL9957","Adidas"
"2234","B37704","Adidas"
"2235","CL9964","Adidas"
"2236","EF0804","Adidas"
"2237","EG1144","Adidas"
"2238","EG1146","Adidas"
"2239","EH1531","Adidas"
"2240","EE4316","Adidas"
"2241","EG1393","Adidas"
"2242","EG0978","Adidas"
"2243","EG0959","Adidas"
"2244","EE4185","Adidas"
"2245","EG0693","Adidas"
"2246","EF1043","Adidas"
"2247","EH1530","Adidas"
"2248","DB3145","Adidas"
"2249","CL7378","Adidas"
"2250","EG1391","Adidas"
"2251","FV4284","Adidas"
"2252","EG0695","Adidas"
"2253","EE5403","Adidas"
"2254","F35565","Adidas"
"2255","EE4935","Adidas"
"2256","F36392","Adidas"
"2257","EE5597","Adidas"
"2258","EG4370","Adidas"
"2259","EE7888","Adidas"
"2260","DB0156","Adidas"
"2261","EE7686","Adidas"
"2262","D96523","Adidas"
"2263","EG3278","Adidas"
"2264","EF6989","Adidas"
"2265","D96524","Adidas"
"2266","F35626","Adidas"
"2267","F35629","Adidas"
"2268","F35619","Adidas"
"2269","EF1162","Adidas"
"2270","G27244","Adidas"
"2271","CP9196","Adidas"
"2272","CP9028","Adidas"
"2273","CP8933","Adidas"
"2274","CP9029","Adidas"
"2275","BB9345","Adidas"
"2276","DB2064","Adidas"
"2277","DB2188","Adidas"
"2278","DB2125","Adidas"
"2280","DB2080","Adidas"
"2281","DB2463","Adidas"
"2282","DB2166","Adidas"
"2283","BB9185","Adidas"
"2284","BC0552","Adidas"
"2285","BC0316","Adidas"
"2286","BB9375","Adidas"
"2287","D97992","Adidas"
"2288","BB8113","Adidas"
"2289","B43665","Adidas"
"2290","BB9188","Adidas"
"2291","EE7042","Adidas"
"2292","BB6280","Adidas"
"2293","CK9455","Adidas"
"2294","CG4019","Adidas"
"2295","F35784","Adidas"
"2296","BB6291","Adidas"
"2297","CQ3176","Adidas"
"2298","D97306","Adidas"
"2299","D97451","Adidas"
"2300","CK9859","Adidas"
"2301","G28832","Adidas"
"2302","EF5431","Adidas"
"2303","F34393","Adidas"
"2304","EF4258","Adidas"
"2305","CM5970","Adidas"
"2306","AQ0533","Adidas"
"2307","EG4958","Adidas"
"2308","280648","Adidas"
"2309","288022","Adidas"
"2310","CK9857","Adidas"
"2311","CL9944","Adidas"
"2312","FW0536","Adidas"
"2313","EF0709","Adidas"
"2314","BB6351","Adidas"
"2315","FU8299","Adidas"
"2316","CK9684","Adidas"
"2317","DB2071","Adidas"
"2318","BB9335","Adidas"
"2319","F36199","Adidas"
"2320","FV8788","Adidas"
"2321","EE6255","Adidas"
"2322","EE9845","Adidas"
"2323","EF0416","Adidas"
"2324","EF3830","Adidas"
"2325","EG3106","Adidas"
"2326","EG3667","Adidas"
"2327","FV3907","Adidas"
"2328","CM4815","Adidas"
"2329","FV4287","Adidas"
"2330","FV4291","Adidas"
"2331","BY9260","Adidas"
"2333","CM4832","Adidas"
"2334","AQ8531","Adidas"
"2335","G27706","Adidas"
"2336","CK9655","Adidas"
"2337","EF4690","Adidas"
"2338","EF4689","Adidas"
"2339","EG4959","Adidas"
"2340","F35611","Adidas"
"2341","FV3017","Adidas"
"2342","FV2807","Adidas"
"2343","EG3284","Adidas"
"2344","F35383","Adidas"
"2345","F34412","Adidas"
"2346","EE9663","Adidas"
"2347","CQ2332","Adidas"
"2348","EE7744","Adidas"
"2349","EE7801","Adidas"
"2350","EF5945","Adidas"
"2351","FV4649","Adidas"
"2352","EF5891","Adidas"
"2353","EF5884","Adidas"
"2354","EH0169","Adidas"
"2355","EG7964","Adidas"
"2356","FV3023","Adidas"
"2357","EH0175","Adidas"
"2358","BB9347","Adidas"
"2359","FV2872","Adidas"
"2360","CP8971","Adidas"
"2361","F35341","Adidas"
"2362","FX4259","Adidas"
"2363","BB9367","Adidas"
"2364","CG6830","Adidas"
"2365","BB8090","Adidas"
"2366","EF8368","Adidas"
"2367","EE7695","Adidas"
"2368","EG6208","Adidas"
"2369","EE7678","Adidas"
"2370","EF1357","Adidas"
"2371","G27367","Adidas"
"2372","EF1240","Adidas"
"2373","EF8287","Adidas"
"2374","EF8292","Adidas"
"2375","EF2380","Adidas"
"2376","CM4816","Adidas"
"2377","CM4936","Adidas"
"2378","FW5354","Adidas"
"2379","FW8153","Adidas"
"2380","CM4881","Adidas"
"2381","F34408","Adidas"
"2382","CL7362","Adidas"
"2383","F35594","Adidas"
"2384","EF9237","Adidas"
"2386","B43739","Adidas"
"2387","F35316","Adidas"
"2388","EE5803","Adidas"
"2389","EG3730","Adidas"
"2390","CM6084","Adidas"
"2391","EF4261","Adidas"
"2392","FW2154","Adidas"
"2393","CL7640","Adidas"
"2394","G26989","Adidas"
"2395","EE7720","Adidas"
"2396","B37698","Adidas"
"2397","CM6072","Adidas"
"2398","CK9795","Adidas"
"2399","FU8940","Adidas"
"2400","CL9923","Adidas"
"2401","BY4027","Adidas"
"2402","F35621","Adidas"
"2403","EE9554","Adidas"
"2404","B37697","Adidas"
"2405","FV7538","Adidas"
"2406","D97436","Adidas"
"2407","EE7692","Adidas"
"2408","EE9664","Adidas"
"2409","EE6036","Adidas"
"2410","FV7536","Adidas"
"2411","EH0151","Adidas"
"2412","CM5985","Adidas"
"2413","CM5951","Adidas"
"2414","CM5952","Adidas"
"2415","CM5964","Adidas"
"2416","EF1343","Adidas"
"2417","EF4343","Adidas"
"2418","B44142","Adidas"
"2419","EE4320","Adidas"
"2420","CL0252","Adidas"
"2421","EE7904","Adidas"
"2422","CM4885","Adidas"
"2423","BY4061","Adidas"
"2424","G26565","Adidas"
"2425","F36333","Adidas"
"2426","CL9986","Adidas"
"2427","EF8210","Adidas"
"2428","CL9976","Adidas"
"2429","EE4805","Adidas"
"2430","EF1814","Adidas"
"2431","EG0953","Adidas"
"2432","CM5915","Adidas"
"2433","G27504","Adidas"
"2434","BD7819","Adidas"
"2435","EF4260","Adidas"
"2436","EF4001","Adidas"
"2437","EF4262","Adidas"
"2439","EF4028","Adidas"
"2440","EG8354","Adidas"
"2441","EG8355","Adidas"
"2442","CM4551","Adidas"
"2443","FV3018","Adidas"
"2444","EE4324","Adidas"
"2445","F34469","Adidas"
"2446","F35381","Adidas"
"2447","B96558","Adidas"
"2448","BA7376","Adidas"
"2449","B37435","Adidas"
"2450","F36334","Adidas"
"2451","CL7338","Adidas"
"2452","CQ1108","Adidas"
"2453","FV4083","Adidas"
"2454","CK1084","Adidas"
"2455","CQ1129","Adidas"
"2456","CQ1114","Adidas"
"2457","B22729","Adidas"
"2458","F36236","Adidas"
"2459","F36232","Adidas"
"2460","DB3555","Adidas"
"2461","B42259","Adidas"
"2462","B22728","Adidas"
"2463","B27818","Adidas"
"2464","B22721","Adidas"
"2465","B22726","Adidas"
"2466","B22762","Adidas"
"2467","B41486","Adidas"
"2468","B41686","Adidas"
"2469","B41776","Adidas"
"2470","F36221","Adidas"
"2471","B22790","Adidas"
"2472","BD7809","Adidas"
"2473","EG1212","Adidas"
"2474","EG1346","Adidas"
"2475","DB1347","Adidas"
"2476","F35595","Adidas"
"2477","B96569","Adidas"
"2478","F35593","Adidas"
"2479","EF2099","Adidas"
"2480","G27132","Adidas"
"2481","DB3389","Adidas"
"2482","EF1649","Adidas"
"2483","EF1698","Adidas"
"2484","EF2208","Adidas"
"2485","EG0964","Adidas"
"2486","EG7202","Adidas"
"2487","EG7130","Adidas"
"2488","FU8926","Adidas"
"2489","EF1707","Adidas"
"2490","G54739","Adidas"
"2492","DA8693","Adidas"
"2493","CM0105","Adidas"
"2494","F34611","Adidas"
"2495","EG5933","Adidas"
"2496","BB6574","Adidas"
"2497","BD7878","Adidas"
"2498","CK8040","Adidas"
"2499","CK8037","Adidas"
"2500","CK8039","Adidas"
"2501","EE6254","Adidas"
"2502","EE6081","Adidas"
"2503","EE7383","Adidas"
"2504","EE9665","Adidas"
"2505","EE6111","Adidas"
"2506","D97654","Adidas"
"2507","EE6112","Adidas"
"2508","CL9854","Adidas"
"2509","EE4284","Adidas"
"2510","EF0609","Adidas"
"2511","CM0060","Adidas"
"2512","G26566","Adidas"
"2513","EF0500","Adidas"
"2514","F34375","Adidas"
"2515","EG1851","Adidas"
"2516","BB7236","Adidas"
"2517","CP9392","Adidas"
"2518","F34573","Adidas"
"2519","CL9853","Adidas"
"2520","EF2378","Adidas"
"2521","F34390","Adidas"
"2522","CL9851","Adidas"
"2523","F36412","Adidas"
"2524","BB9425","Adidas"
"2525","S78048","Adidas"
"2526","G27463","Adidas"
"2527","B44869","Adidas"
"2528","CM0002","Adidas"
"2529","EH1837","Adidas"
"2530","EF2392","Adidas"
"2531","EH0433","Adidas"
"2532","EE4393","Adidas"
"2533","EE9642","Adidas"
"2534","EG0692","Adidas"
"2535","F34376","Adidas"
"2536","DA9997","Adidas"
"2537","G28527","Adidas"
"2538","CQ0443","Adidas"
"2539","EE9555","Adidas"
"2540","EE9027","Adidas"
"2541","G28523","Adidas"
"2542","DB3390","Adidas"
"2543","BB9440","Adidas"
"2545","D97959","Adidas"
"2546","D97609","Adidas"
"2547","BB9187","Adidas"
"2548","AQ0407","Adidas"
"2549","FW5366","Adidas"
"2550","CJ8979","Adidas"
"2551","B42099","Adidas"
"2552","CM0042","Adidas"
"2553","EE6814","Adidas"
"2554","BD7927","Adidas"
"2555","FU8296","Adidas"
"2556","EE9576","Adidas"
"2557","CM5914","Adidas"
"2558","EF0893","Adidas"
"2559","EG0979","Adidas"
"2560","CK9797","Adidas"
"2561","B37706","Adidas"
"2562","CG6237","Adidas"
"2563","AW4591","Adidas"
"2564","DB3364","Adidas"
"2565","F35234","Adidas"
"2566","B37703","Adidas"
"2567","D97441","Adidas"
"2568","CM6023","Adidas"
"2569","CM6022","Adidas"
"2570","EH0166","Adidas"
"2571","EG0429","Adidas"
"2572","FU8298","Adidas"
"2573","FV0033","Adidas"
"2574","CL9987","Adidas"
"2575","FU8297","Adidas"
"2576","EF0573","Adidas"
"2577","EG0755","Adidas"
"2578","FW1970","Adidas"
"2579","BD7865","Adidas"
"2580","EG2211","Adidas"
"2581","D69234","Adidas"
"2582","EG2216","Adidas"
"2583","EG2007","Adidas"
"2584","CM6029","Adidas"
"2585","EF2479","Adidas"
"2586","EE9658","Adidas"
"2587","CM6028","Adidas"
"2588","EE7669","Adidas"
"2589","CM6027","Adidas"
"2590","EG2009","Adidas"
"2591","CM6007","Adidas"
"2592","CL9855","Adidas"
"2593","EF3504","Adidas"
"2594","EF0606","Adidas"
"2595","M20324","Adidas"
"2596","EG2659","Adidas"
"2598","FW3136","Adidas"
"2599","EH1106","Adidas"
"2600","EH1943","Adidas"
"2601","EG0773","Adidas"
"2602","EG2799","Adidas"
"2603","EF9919","Adidas"
"2604","EE4599","Adidas"
"2605","EF9866","Adidas"
"2606","EF9908","Adidas"
"2607","CM6031","Adidas"
"2608","CM6012","Adidas"
"2609","EF9926","Adidas"
"2610","CM6013","Adidas"
"2611","D96931","Adidas"
"2612","BB3218","Adidas"
"2613","EH1875","Adidas"
"2614","CM6032","Adidas"
"2615","EG0691","Adidas"
"2616","G28220","Adidas"
"2617","FW0525","Adidas"
"2618","G26934","Adidas"
"2619","EF3509","Adidas"
"2620","EF3503","Adidas"
"2621","EF3505","Adidas"
"2622","CM6008","Adidas"
"2623","BC0980","Adidas"
"2624","EF9924","Adidas"
"2625","CJ1646-600","Nike"
"2626","CT4328-101","Nike"
"2627","CI3482-200","Nike"
"2628","CD0479-200","Nike"
"2629","CZ6156-101","Nike"
"2630","CJ6314-146","Nike"
"2631","CI0808-100","Nike"
"2632","CJ0861-017","Nike"
"2633","AT8242-009","Nike"
"2634","CK2595-500","Nike"
"2635","CD0490-104","Nike"
"2636","315115-112","Nike"
"2637","AV5186-101","Nike"
"2638","CJ0860-668","Nike"
"2639","AJ6910-009","Nike"
"2640","BQ7043-668","Nike"
"2641","CK2608-100","Nike"
"2642","921733-104","Nike"
"2643","CJ1379-001","Nike"
"2644","CT1726-100","Nike"
"2645","CT4525-001","Nike"
"2646","923112-001","Nike"
"2647","BQ3381-600","Nike"
"2648","AO2982-076","Nike"
"2649","CJ0277-002","Nike"
"2651","CT1030-100","Nike"
"2652","CK9671-001","Nike"
"2653","BQ4632-602","Nike"
"2654","CJ0280-001","Nike"
"2655","AR6374-402","Nike"
"2656","CU5646-001","Nike"
"2657","AR4543-013","Nike"
"2658","CI3707-100","Nike"
"2659","CQ9500-100","Nike"
"2660","CJ1642-002","Nike"
"2661","CD0888-002","Nike"
"2662","CI3868-001","Nike"
"2663","CJ0636-100","Nike"
"2664","852542-087","Nike"
"2665","CK2351-601","Nike"
"2666","BV0657-400","Nike"
"2667","AT8000-104","Nike"
"2668","554724-066","Nike"
"2669","CJ0619-100","Nike"
"2670","CJ0592-001","Nike"
"2671","CT3867-001","Nike"
"2672","CJ0267-001","Nike"
"2673","AT7998-104","Nike"
"2674","AT7898-104","Nike"
"2675","CD5086-500","Nike"
"2676","CJ0625-700","Nike"
"2677","CT4352-104","Nike"
"2678","CD3002-103","Nike"
"2679","CD3460-010","Nike"
"2680","CD3395-006","Nike"
"2681","CQ6569-001","Nike"
"2682","AT7997-606","Nike"
"2683","CI3708-700","Nike"
"2684","CT1104-700","Nike"
"2685","CD5007-102","Nike"
"2686","AT7995-104","Nike"
"2687","BV9977-101","Nike"
"2688","CD0200-003","Nike"
"2689","BQ3177-100","Nike"
"2690","DA4155-400","Nike"
"2691","CJ0773-010","Nike"
"2692","CQ0912-100","Nike"
"2693","CT1099-093","Nike"
"2694","CI1718-001","Nike"
"2695","CD0490-101","Nike"
"2696","AT7980-606","Nike"
"2697","BQ3202-011","Nike"
"2698","CD0113-400","Nike"
"2699","CQ2344-100","Nike"
"2700","AO4971-700","Nike"
"2701","AV2605-101","Nike"
"2702","AA1625-009","Nike"
"2704","AO7351-104","Nike"
"2705","AJ9515-001","Nike"
"2706","AO2434-101","Nike"
"2707","CJ0861-010","Nike"
"2708","AT1198-401","Nike"
"2709","AT7996-606","Nike"
"2710","CK2772-101","Nike"
"2711","AQ7477-009","Nike"
"2712","AQ5707-001","Nike"
"2713","BV4584-001","Nike"
"2714","CD6721-808","Nike"
"2715","AO0566-606","Nike"
"2716","AT5410-003","Nike"
"2717","BV6348-300","Nike"
"2718","CI3703-401","Nike"
"2719","AT7946-414","Nike"
"2720","BQ5401-001","Nike"
"2721","BV7725-500","Nike"
"2722","CU7623-002","Nike"
"2723","CK5669-400","Nike"
"2724","704939-103","Nike"
"2725","CD5050-400","Nike"
"2726","CK5836-100","Nike"
"2727","CI1396-600","Nike"
"2728","CD0916-001","Nike"
"2729","BV1507-001","Nike"
"2730","BQ6623-070","Nike"
"2731","CD4156-606","Nike"
"2732","CI3831-200","Nike"
"2733","AO1741-003","Nike"
"2734","AH8050-100","Nike"
"2735","CD4159-606","Nike"
"2736","CK4363-100","Nike"
"2737","CN8490-100","Nike"
"2738","CI9921-001","Nike"
"2739","AO3269-717","Nike"
"2740","CI9367-301","Nike"
"2741","AT7960-104","Nike"
"2742","AT8179-100","Nike"
"2743","AV3866-001","Nike"
"2744","AH1015-010","Nike"
"2745","AT5293-004","Nike"
"2746","AT7949-606","Nike"
"2747","AT6395-002","Nike"
"2748","CK6357-005","Nike"
"2749","AV5555-001","Nike"
"2750","310805-137","Nike"
"2751","130690-017","Nike"
"2752","CT1264-101","Nike"
"2753","CK5668-600","Nike"
"2754","BQ5427-401","Nike"
"2755","AQ7497-300","Nike"
"2757","AH7378-801","Nike"
"2758","CJ0404-001","Nike"
"2759","CI3871-300","Nike"
"2760","BQ2728-012","Nike"
"2761","CT3110-400","Nike"
"2762","CJ0270-601","Nike"
"2763","CT8919-700","Nike"
"2764","CT1020-001","Nike"
"2765","CD5082-001","Nike"
"2766","BV5739-500","Nike"
"2767","CW4286-100","Nike"
"2768","CD0887-201","Nike"
"2769","CD5028-900","Nike"
"2770","AJ6900-102","Nike"
"2771","CI9842-500","Nike"
"2772","CI0919-100","Nike"
"2773","CK7200-800","Nike"
"2774","487754-303","Nike"
"2775","AH7249-118","Nike"
"2776","CJ9684-001","Nike"
"2777","AO0354-108","Nike"
"2778","AT2863-100","Nike"
"2779","832528-001","Nike"
"2780","CD4371-001","Nike"
"2781","AQ8830-016","Nike"
"2782","AO9819-001","Nike"
"2783","AR3863-101","Nike"
"2784","CI3706-100","Nike"
"2785","AT1369-103","Nike"
"2786","AQ1189-009","Nike"
"2787","CU5133-600","Nike"
"2788","CK9670-100","Nike"
"2789","CI5546-100","Nike"
"2790","BQ6826-003","Nike"
"2791","CU0814-102","Nike"
"2792","AV4789-104","Nike"
"2793","CJ3312-001","Nike"
"2794","AR6631-004","Nike"
"2795","BQ6166-003","Nike"
"2796","CQ0492-001","Nike"
"2797","918193-700","Nike"
"2798","AQ0926-001","Nike"
"2799","AQ7489-008","Nike"
"2800","CD7070-009","Nike"
"2801","AH7857-009","Nike"
"2802","CT5229-001","Nike"
"2803","CJ1300-401","Nike"
"2804","880848-005","Nike"
"2805","AT8240-003","Nike"
"2806","942851-002","Nike"
"2807","AR5677-200","Nike"
"2809","AJ6959-717","Nike"
"2810","415445-102","Nike"
"2811","BQ5422-200","Nike"
"2812","AT7975-606","Nike"
"2813","553558-125","Nike"
"2814","AQ0925-002","Nike"
"2815","CD6404-800","Nike"
"2816","AQ4176-049","Nike"
"2817","CT3632-001","Nike"
"2818","CK2718-003","Nike"
"2819","AO2924-401","Nike"
"2820","AR4229-003","Nike"
"2821","AQ8306-407","Nike"
"2822","CD0881-104","Nike"
"2823","CT5342-007","Nike"
"2824","CI3705-600","Nike"
"2825","AQ7878-003","Nike"
"2826","AO0570-810","Nike"
"2827","CT5528-001","Nike"
"2828","CD7288-001","Nike"
"2829","BQ5435-703","Nike"
"2830","BV0612-001","Nike"
"2831","CD2182-001","Nike"
"2832","133000-106","Nike"
"2833","CJ0579-400","Nike"
"2834","BV0417-401","Nike"
"2835","AQ2203-003","Nike"
"2836","BV5502-600","Nike"
"2837","CD7005-001","Nike"
"2838","CD2803-001","Nike"
"2839","CJ6971-001","Nike"
"2840","AJ7695-100","Nike"
"2841","640744-016","Nike"
"2842","AQ2568-100","Nike"
"2843","CT2007-100","Nike"
"2844","CI3866-100","Nike"
"2845","CU8861-460","Nike"
"2846","AT6107-606","Nike"
"2847","CJ0219-400","Nike"
"2848","BQ5615-002","Nike"
"2849","BQ3448-400","Nike"
"2850","BV6344-001","Nike"
"2851","CQ6639-001","Nike"
"2852","AO2132-401","Nike"
"2853","CD4363-103","Nike"
"2854","CI3794-600","Nike"
"2855","CK4126-001","Nike"
"2856","CQ3317-001","Nike"
"2857","AA8030-108","Nike"
"2858","AO3622-006","Nike"
"2859","AT7967-104","Nike"
"2860","343881-412","Nike"
"2861","AQ4312-107","Nike"
"2862","CD0188-101","Nike"
"2863","AA7406-006","Nike"
"2864","CD0917-300","Nike"
"2865","CI2666-400","Nike"
"2866","AT5301-003","Nike"
"2867","CD2153-001","Nike"
"2868","AT7324-001","Nike"
"2869","CJ0710-004","Nike"
"2870","CK1069-001","Nike"
"2871","CT3509-001","Nike"
"2872","CD0191-009","Nike"
"2873","AT3378-471","Nike"
"2874","CD6105-007","Nike"
"2875","CD4373-001","Nike"
"2876","CD4173-606","Nike"
"2877","AV1201-600","Nike"
"2878","AV6337-003","Nike"
"2879","CN6928-300","Nike"
"2880","CD4372-004","Nike"
"2881","AT5292-606","Nike"
"2882","AQ2456-007","Nike"
"2883","CJ0217-001","Nike"
"2884","315122-001","Nike"
"2885","CK0980-002","Nike"
"2886","AR4225-003","Nike"
"2887","CT3890-101","Nike"
"2888","AT7999-414","Nike"
"2889","CD4161-606","Nike"
"2890","CD2189-002","Nike"
"2891","CD6615-100","Nike"
"2892","AO2605-600","Nike"
"2893","864348-019","Nike"
"2894","BQ5808-100","Nike"
"2895","CN5501-046","Nike"
"2896","BQ5102-400","Nike"
"2897","CJ0588-001","Nike"
"2898","BV7774-100","Nike"
"2899","CI1694-300","Nike"
"2900","631261-035","Nike"
"2901","BQ4630-500","Nike"
"2902","AT6099-606","Nike"
"2903","AT5269-606","Nike"
"2904","CN7664-800","Nike"
"2905","CD4962-001","Nike"
"2906","AO4568-600","Nike"
"2908","CJ0266-001","Nike"
"2909","AA1636-406","Nike"
"2910","BQ5190-101","Nike"
"2911","CT2692-002","Nike"
"2912","AO0577-717","Nike"
"2913","CU3005-171","Nike"
"2914","AA8018-101","Nike"
"2915","AV6243-400","Nike"
"2916","CT2535-001","Nike"
"2917","BQ5430-401","Nike"
"2918","AQ0927-100","Nike"
"2919","AQ4126-100","Nike"
"2920","918194-003","Nike"
"2921","AO0578-717","Nike"
"2922","CK0986-002","Nike"
"2923","BQ5469-703","Nike"
"2924","CT5063-100","Nike"
"2925","488161-602","Nike"
"2926","528895-003","Nike"
"2927","CD4570-300","Nike"
"2928","BQ3203-007","Nike"
"2929","CU3013-070","Nike"
"2930","CD6720-808","Nike"
"2931","CJ5472-900","Nike"
"2932","315123-111","Nike"
"2933","849559-004","Nike"
"2934","AO3095-100","Nike"
"2935","AR8836-009","Nike"
"2936","CT5062-100","Nike"
"2937","CN2408-001","Nike"
"2938","414571-030","Nike"
"2939","CJ2586-100","Nike"
"2940","BQ5240-200","Nike"
"2941","CI1504-100","Nike"
"2942","CK2630-700","Nike"
"2943","CD5029-001","Nike"
"2944","CD0189-001","Nike"
"2945","CK1195-101","Nike"
"2946","CJ1292-401","Nike"
"2947","BQ8928-011","Nike"
"2948","BV5841-800","Nike"
"2949","CD4387-100","Nike"
"2950","BV1712-001","Nike"
"2951","BV7106-400","Nike"
"2952","AQ2210-002","Nike"
"2953","AQ2222-200","Nike"
"2954","BQ4430-400","Nike"
"2955","CD2717-001","Nike"
"2957","CN2932-100","Nike"
"2958","CI9994-001","Nike"
"2959","CN6916-100","Nike"
"2960","CU2708-901","Nike"
"2961","BQ6044-100","Nike"
"2962","CD4365-003","Nike"
"2963","749571-154","Nike"
"2964","CI3835-002","Nike"
"2965","CJ1306-401","Nike"
"2966","CW6565-900","Nike"
"2967","AO1742-004","Nike"
"2968","AT6109-606","Nike"
"2969","CD4172-606","Nike"
"2970","AR4561-200","Nike"
"2971","CD0132-001","Nike"
"2972","BV1357-003","Nike"
"2973","AT3381-008","Nike"
"2974","AT7978-414","Nike"
"2975","CJ6106-100","Nike"
"2976","CK0089-100","Nike"
"2977","CT7695-401","Nike"
"2978","AO3258-080","Nike"
"2979","BQ0129-106","Nike"
"2980","AQ0114-101","Nike"
"2981","AO1023-005","Nike"
"2982","CW4409-100","Nike"
"2983","BQ1896-002","Nike"
"2984","AO3116-004","Nike"
"2985","CI3870-100","Nike"
"2986","CI2668-004","Nike"
"2987","487471-003","Nike"
"2988","CT2584-100","Nike"
"2989","AQ5708-201","Nike"
"2990","AR5676-401","Nike"
"2991","AT6110-004","Nike"
"2992","AQ7491-008","Nike"
"2993","CI1291-400","Nike"
"2994","CN5455-160","Nike"
"2995","CD5036-100","Nike"
"2996","CQ6278-001","Nike"
"2997","CU3459-200","Nike"
"2998","BQ3610-100","Nike"
"2999","AT5303-100","Nike"
"3000","CK2531-001","Nike"
"3001","BQ3611-100","Nike"
"3002","CV5515-001","Nike"
"3003","AQ7487-201","Nike"
"3004","AQ1289-003","Nike"
"3005","881105-800","Nike"
"3007","CT7698-600","Nike"
"3008","BQ9665-301","Nike"
"3009","BV7766-100","Nike"
"3010","832655-001","Nike"
"3011","CK2719-400","Nike"
"3012","554724-050","Nike"
"3013","AO3189-600","Nike"
"3014","AQ2731-500","Nike"
"3015","AH1016-602","Nike"
"3016","AJ6844-007","Nike"
"3017","CN3591-002","Nike"
"3018","CI1214-004","Nike"
"3019","343880-090","Nike"
"3020","CQ7731-900","Nike"
"3021","CD4366-002","Nike"
"3022","CI5646-200","Nike"
"3023","CD4573-001","Nike"
"3024","BQ5613-001","Nike"
"3025","AT8241-002","Nike"
"3026","BQ4631-100","Nike"
"3027","AQ2567-002","Nike"
"3028","844127-108","Nike"
"3029","AT7993-414","Nike"
"3030","CK3309-001","Nike"
"3031","749747-010","Nike"
"3032","634835-108","Nike"
"3033","366731-100","Nike"
"3034","CD3398-063","Nike"
"3035","CT5064-001","Nike"
"3036","BQ4424-700","Nike"
"3037","AV4417-002","Nike"
"3038","AO0571-606","Nike"
"3039","AT6174-004","Nike"
"3040","AR7718-001","Nike"
"3041","AQ7488-004","Nike"
"3042","AV4126-002","Nike"
"3044","CU0675-300","Nike"
"3045","618919-031","Nike"
"3046","BQ8927-102","Nike"
"3047","921826-016","Nike"
"3048","CK3314-400","Nike"
"3049","BQ3378-002","Nike"
"3050","BV7754-001","Nike"
"3051","BV0415-300","Nike"
"3052","AR5149-005","Nike"
"3053","CQ7619-700","Nike"
"3054","AQ4174-049","Nike"
"3055","AJ1285-101","Nike"
"3056","AV6259-500","Nike"
"3057","AT5292-004","Nike"
"3058","812654-011","Nike"
"3059","CT5543-300","Nike"
"3060","CU9174-600","Nike"
"3061","CJ0509-001","Nike"
"3062","CK3312-001","Nike"
"3063","CT0624-100","Nike"
"3064","CJ9712-001","Nike"
"3065","CT1549-001","Nike"
"3066","CD0683-600","Nike"
"3067","BQ3212-600","Nike"
"3068","807471-101","Nike"
"3069","AT6175-100","Nike"
"3070","AH6789-023","Nike"
"3071","AT7996-414","Nike"
"3072","922474-001","Nike"
"3073","CI3898-200","Nike"
"3074","CJ0882-001","Nike"
"3075","BQ5467-101","Nike"
"3076","AO3267-080","Nike"
"3077","AQ7492-010","Nike"
"3078","CJ0220-400","Nike"
"3079","CQ6566-700","Nike"
"3080","AJ4115-060","Nike"
"3081","AQ1316-500","Nike"
"3082","BV5740-101","Nike"
"3083","CJ9681-001","Nike"
"3085","CD0431-107","Nike"
"3086","AV4052-116","Nike"
"3087","CK4122-100","Nike"
"3088","AQ7483-001","Nike"
"3089","CD8526-446","Nike"
"3090","CJ1292-703","Nike"
"3091","CI1396-004","Nike"
"3092","807471-103","Nike"
"3093","CJ1794-600","Nike"
"3094","CK6360-001","Nike"
"3095","CQ6549-001","Nike"
"3096","AR5339-002","Nike"
"3097","CD2053-105","Nike"
"3098","CI7395-100","Nike"
"3099","AT5673-700","Nike"
"3100","BV7775-100","Nike"
"3101","CI7815-602","Nike"
"3102","CJ0818-146","Nike"
"3103","CI1289-100","Nike"
"3104","CD7287-003","Nike"
"3105","AO2607-401","Nike"
"3106","AO3424-001","Nike"
"3107","BQ5972-001","Nike"
"3108","313358-006","Nike"
"3109","CI1290-100","Nike"
"3110","BV6484-002","Nike"
"3111","885118-001","Nike"
"3112","BV7099-400","Nike"
"3113","BV3387-400","Nike"
"3114","849560-001","Nike"
"3115","AA7408-008","Nike"
"3116","BQ9138-601","Nike"
"3117","AV5187-602","Nike"
"3118","AA0287-002","Nike"
"3119","BV7756-001","Nike"
"3120","AR6632-603","Nike"
"3121","AA1640-002","Nike"
"3122","AA8027-109","Nike"
"3123","AR4225-100","Nike"
"3124","CD6964-002","Nike"
"3125","CN7383-300","Nike"
"3126","CI7388-600","Nike"
"3127","BV7782-001","Nike"
"3128","CK2630-001","Nike"
"3129","CN6867-001","Nike"
"3130","BQ7978-001","Nike"
"3131","844896-002","Nike"
"3132","BQ6046-010","Nike"
"3133","CT5770-300","Nike"
"3134","CU3004-176","Nike"
"3135","CI3899-200","Nike"
"3136","BV0389-001","Nike"
"3137","CQ0989-002","Nike"
"3138","CI7379-400","Nike"
"3139","CN6881-300","Nike"
"3140","CI3869-500","Nike"
"3141","AV9370-001","Nike"
"3142","BV1134-001","Nike"
"3143","CT1531-001","Nike"
"3144","AR7410-603","Nike"
"3145","BQ5435-401","Nike"
"3146","812655-011","Nike"
"3147","325213-139","Nike"
"3148","AO9820-001","Nike"
"3149","AA1626-602","Nike"
"3150","AQ8228-102","Nike"
"3151","AH7858-010","Nike"
"3152","CI1246-302","Nike"
"3153","AO7353-105","Nike"
"3154","CI3709-001","Nike"
"3155","AA8022-107","Nike"
"3156","CK3321-100","Nike"
"3157","AO3108-018","Nike"
"3158","CQ2503-900","Nike"
"3159","AR9293-603","Nike"
"3160","BV0614-005","Nike"
"3161","CQ7620-001","Nike"
"3162","BV1021-007","Nike"
"3163","CJ0842-600","Nike"
"3164","AV9373-002","Nike"
"3165","807443-503","Nike"
"3166","AO3166-300","Nike"
"3167","CI3446-001","Nike"
"3168","AR4347-600","Nike"
"3169","CI3867-001","Nike"
"3170","CQ0278-200","Nike"
"3171","AT7968-606","Nike"
"3172","BV7757-500","Nike"
"3173","CD2722-001","Nike"
"3174","AT6100-606","Nike"
"3175","CT9155-063","Nike"
"3176","CI1236-100","Nike"
"3177","AH6799-300","Nike"
"3178","CJ9585-600","Nike"